model_type,feature,term,masac,seame
all_condition,1F0max,C(age_bucket)[T.25+],,-8.814984400273795
all_condition,1F0max,C(age_bucket)[T.<19],,-53.40235757744494
all_condition,1F0max,C(audience_proficiency_proxy)[T.low_l2],-6.528520235297414,
all_condition,1F0max,C(audience_proficiency_proxy)[T.mid_l2],3.5989129795680173,
all_condition,1F0max,C(condition)[T.monolingual_EN],-1.0120722940998181,4.070499933791247
all_condition,1F0max,C(condition)[T.monolingual_EN]:C(age_bucket)[T.25+],,-1.682696688083538
all_condition,1F0max,C(condition)[T.monolingual_EN]:C(age_bucket)[T.<19],,4.392676246614955
all_condition,1F0max,C(condition)[T.monolingual_EN]:C(audience_proficiency_proxy)[T.low_l2],66.2801393154018,
all_condition,1F0max,C(condition)[T.monolingual_EN]:C(audience_proficiency_proxy)[T.mid_l2],1.4804885863356723,
all_condition,1F0max,C(condition)[T.monolingual_EN]:C(dialogue_act)[T.1],1541734438876.4014,
all_condition,1F0max,"C(condition)[T.monolingual_EN]:C(dialogue_act)[T.a,_i]",-5006129518.0516815,
all_condition,1F0max,"C(condition)[T.monolingual_EN]:C(dialogue_act)[T.a,_o]",-3110136.76297223,
all_condition,1F0max,C(condition)[T.monolingual_EN]:C(dialogue_act)[T.a],-202164913717.35364,
all_condition,1F0max,"C(condition)[T.monolingual_EN]:C(dialogue_act)[T.i,_a,_o]",0.0,
all_condition,1F0max,"C(condition)[T.monolingual_EN]:C(dialogue_act)[T.i,_a]",0.0,
all_condition,1F0max,C(condition)[T.monolingual_EN]:C(dialogue_act)[T.i],35.616133671023206,
all_condition,1F0max,"C(condition)[T.monolingual_EN]:C(dialogue_act)[T.o,_a]",0.0,
all_condition,1F0max,"C(condition)[T.monolingual_EN]:C(dialogue_act)[T.o,_i]",0.0,
all_condition,1F0max,C(condition)[T.monolingual_EN]:C(dialogue_act)[T.o],-1.9929029745002254,
all_condition,1F0max,C(condition)[T.monolingual_EN]:C(gender)[T.male],,1.3424065879978397
all_condition,1F0max,C(condition)[T.monolingual_EN]:C(nationality)[T.singaporean],,-4.978210734670279
all_condition,1F0max,C(condition)[T.monolingual_HI],-5.707275579043974,
all_condition,1F0max,C(condition)[T.monolingual_HI]:C(audience_proficiency_proxy)[T.low_l2],-2.818951203214219,
all_condition,1F0max,C(condition)[T.monolingual_HI]:C(audience_proficiency_proxy)[T.mid_l2],-1.0083304142077658,
all_condition,1F0max,C(condition)[T.monolingual_HI]:C(dialogue_act)[T.1],148053534700316.0,
all_condition,1F0max,"C(condition)[T.monolingual_HI]:C(dialogue_act)[T.a,_i]",-123168755.8108759,
all_condition,1F0max,"C(condition)[T.monolingual_HI]:C(dialogue_act)[T.a,_o]",68415.95480578975,
all_condition,1F0max,C(condition)[T.monolingual_HI]:C(dialogue_act)[T.a],130097941468.25305,
all_condition,1F0max,"C(condition)[T.monolingual_HI]:C(dialogue_act)[T.i,_a,_o]",0.0,
all_condition,1F0max,"C(condition)[T.monolingual_HI]:C(dialogue_act)[T.i,_a]",0.0,
all_condition,1F0max,C(condition)[T.monolingual_HI]:C(dialogue_act)[T.i],15.248227882808905,
all_condition,1F0max,"C(condition)[T.monolingual_HI]:C(dialogue_act)[T.o,_a]",0.0,
all_condition,1F0max,"C(condition)[T.monolingual_HI]:C(dialogue_act)[T.o,_i]",0.0,
all_condition,1F0max,C(condition)[T.monolingual_HI]:C(dialogue_act)[T.o],47.384628252271966,
all_condition,1F0max,C(condition)[T.monolingual_ZH],,1.142137827796347
all_condition,1F0max,C(condition)[T.monolingual_ZH]:C(age_bucket)[T.25+],,-7.8490204944627315
all_condition,1F0max,C(condition)[T.monolingual_ZH]:C(age_bucket)[T.<19],,8.868276255164847
all_condition,1F0max,C(condition)[T.monolingual_ZH]:C(gender)[T.male],,8.81684141742209
all_condition,1F0max,C(condition)[T.monolingual_ZH]:C(nationality)[T.singaporean],,-10.121223708196066
all_condition,1F0max,C(dialogue_act)[T.1],-148053534700181.38,
all_condition,1F0max,"C(dialogue_act)[T.a,_i]",15.125474880276228,
all_condition,1F0max,"C(dialogue_act)[T.a,_o]",24.13933806921815,
all_condition,1F0max,C(dialogue_act)[T.a],-0.8291874501476801,
all_condition,1F0max,"C(dialogue_act)[T.i,_a,_o]",-101.34535226656851,
all_condition,1F0max,"C(dialogue_act)[T.i,_a]",-2.0418166574116405,
all_condition,1F0max,C(dialogue_act)[T.i],-1.1794159294097515,
all_condition,1F0max,"C(dialogue_act)[T.o,_a]",73.03102282349718,
all_condition,1F0max,"C(dialogue_act)[T.o,_i]",-23.657061634656785,
all_condition,1F0max,C(dialogue_act)[T.o],-10.460327292757926,
all_condition,1F0max,C(gender)[T.male],,-99.77915213166602
all_condition,1F0max,C(nationality)[T.singaporean],,9.741298481004689
all_condition,1F0max,Intercept,239.77791636656607,242.16276262341086
all_condition,1F0max,has_discourse_marker[T.True],0.7503041842475476,-0.9444504438482209
all_condition,1F0max,has_repetition[T.True],2.0265513948783265,1.0168915190131531
all_condition,1F0mean,C(audience_proficiency_proxy)[T.low_l2],1.1077110682201194,
all_condition,1F0mean,C(audience_proficiency_proxy)[T.mid_l2],2.3725703265571556,
all_condition,1F0mean,C(condition)[T.monolingual_EN],-1.2660365806018756,
all_condition,1F0mean,C(condition)[T.monolingual_EN]:C(audience_proficiency_proxy)[T.low_l2],68.23472049309689,
all_condition,1F0mean,C(condition)[T.monolingual_EN]:C(audience_proficiency_proxy)[T.mid_l2],-1.7194505961773228,
all_condition,1F0mean,C(condition)[T.monolingual_EN]:C(dialogue_act)[T.1],1415400015243.086,
all_condition,1F0mean,"C(condition)[T.monolingual_EN]:C(dialogue_act)[T.a,_i]",-4595911992.030861,
all_condition,1F0mean,"C(condition)[T.monolingual_EN]:C(dialogue_act)[T.a,_o]",-2855282.667829057,
all_condition,1F0mean,C(condition)[T.monolingual_EN]:C(dialogue_act)[T.a],-185598903897.93848,
all_condition,1F0mean,"C(condition)[T.monolingual_EN]:C(dialogue_act)[T.i,_a,_o]",0.0,
all_condition,1F0mean,"C(condition)[T.monolingual_EN]:C(dialogue_act)[T.i,_a]",0.0,
all_condition,1F0mean,C(condition)[T.monolingual_EN]:C(dialogue_act)[T.i],36.19533857130215,
all_condition,1F0mean,"C(condition)[T.monolingual_EN]:C(dialogue_act)[T.o,_a]",0.0,
all_condition,1F0mean,"C(condition)[T.monolingual_EN]:C(dialogue_act)[T.o,_i]",0.0,
all_condition,1F0mean,C(condition)[T.monolingual_EN]:C(dialogue_act)[T.o],4.456841670659692,
all_condition,1F0mean,C(condition)[T.monolingual_HI],-5.595486730486706,
all_condition,1F0mean,C(condition)[T.monolingual_HI]:C(audience_proficiency_proxy)[T.low_l2],-8.239112637400847,
all_condition,1F0mean,C(condition)[T.monolingual_HI]:C(audience_proficiency_proxy)[T.mid_l2],1.5831975735701214,
all_condition,1F0mean,C(condition)[T.monolingual_HI]:C(dialogue_act)[T.1],135921576367121.38,
all_condition,1F0mean,"C(condition)[T.monolingual_HI]:C(dialogue_act)[T.a,_i]",-113075932.18144447,
all_condition,1F0mean,"C(condition)[T.monolingual_HI]:C(dialogue_act)[T.a,_o]",62809.74273724813,
all_condition,1F0mean,C(condition)[T.monolingual_HI]:C(dialogue_act)[T.a],119437319225.64813,
all_condition,1F0mean,"C(condition)[T.monolingual_HI]:C(dialogue_act)[T.i,_a,_o]",0.0,
all_condition,1F0mean,"C(condition)[T.monolingual_HI]:C(dialogue_act)[T.i,_a]",0.0,
all_condition,1F0mean,C(condition)[T.monolingual_HI]:C(dialogue_act)[T.i],16.483278171101492,
all_condition,1F0mean,"C(condition)[T.monolingual_HI]:C(dialogue_act)[T.o,_a]",0.0,
all_condition,1F0mean,"C(condition)[T.monolingual_HI]:C(dialogue_act)[T.o,_i]",0.0,
all_condition,1F0mean,C(condition)[T.monolingual_HI]:C(dialogue_act)[T.o],27.808425004689113,
all_condition,1F0mean,C(dialogue_act)[T.1],-135921576367058.0,
all_condition,1F0mean,"C(dialogue_act)[T.a,_i]",9.346413751066812,
all_condition,1F0mean,"C(dialogue_act)[T.a,_o]",24.735807669656467,
all_condition,1F0mean,C(dialogue_act)[T.a],-3.0022922492077164,
all_condition,1F0mean,"C(dialogue_act)[T.i,_a,_o]",-86.19247515960991,
all_condition,1F0mean,"C(dialogue_act)[T.i,_a]",-3.1700461371074846,
all_condition,1F0mean,C(dialogue_act)[T.i],-0.8440507277855289,
all_condition,1F0mean,"C(dialogue_act)[T.o,_a]",36.317787494788085,
all_condition,1F0mean,"C(dialogue_act)[T.o,_i]",-31.697158993264665,
all_condition,1F0mean,C(dialogue_act)[T.o],-6.951406560568657,
all_condition,1F0mean,Intercept,207.1352929860954,
all_condition,1F0mean,has_discourse_marker[T.True],2.2812875067660467,
all_condition,1F0mean,has_repetition[T.True],3.151504319290555,
all_condition,F0max,C(age_bucket)[T.25+],,-11.851036766374976
all_condition,F0max,C(age_bucket)[T.<19],,-70.1362045250189
all_condition,F0max,C(condition)[T.monolingual_EN],,2.2088816310870967
all_condition,F0max,C(condition)[T.monolingual_EN]:C(age_bucket)[T.25+],,2.6541903736704966
all_condition,F0max,C(condition)[T.monolingual_EN]:C(age_bucket)[T.<19],,10.793709673222967
all_condition,F0max,C(condition)[T.monolingual_EN]:C(gender)[T.male],,3.4966933173130283
all_condition,F0max,C(condition)[T.monolingual_EN]:C(nationality)[T.singaporean],,-9.10342964234131
all_condition,F0max,C(condition)[T.monolingual_ZH],,5.255505325371967
all_condition,F0max,C(condition)[T.monolingual_ZH]:C(age_bucket)[T.25+],,-9.03878770468072
all_condition,F0max,C(condition)[T.monolingual_ZH]:C(age_bucket)[T.<19],,6.161220731115221
all_condition,F0max,C(condition)[T.monolingual_ZH]:C(gender)[T.male],,-1.9865039019986352
all_condition,F0max,C(condition)[T.monolingual_ZH]:C(nationality)[T.singaporean],,-11.406471679984131
all_condition,F0max,C(gender)[T.male],,-90.51726925233216
all_condition,F0max,C(nationality)[T.singaporean],,21.4918507912662
all_condition,F0max,Intercept,,246.9858369481597
all_condition,F0max,has_discourse_marker[T.True],,-1.2708570473397383
all_condition,F0max,has_repetition[T.True],,1.7174757614918563
all_condition,F0mseavg,C(age_bucket)[T.25+],,-47.20464213859267
all_condition,F0mseavg,C(age_bucket)[T.<19],,199.00224534493282
all_condition,F0mseavg,C(audience_proficiency_proxy)[T.low_l2],-116.90923991810752,
all_condition,F0mseavg,C(audience_proficiency_proxy)[T.mid_l2],13.761648133119945,
all_condition,F0mseavg,C(condition)[T.monolingual_EN],-27.948817550376273,-41.16060564200136
all_condition,F0mseavg,C(condition)[T.monolingual_EN]:C(age_bucket)[T.25+],,64.71708503023272
all_condition,F0mseavg,C(condition)[T.monolingual_EN]:C(age_bucket)[T.<19],,-30.326854547082718
all_condition,F0mseavg,C(condition)[T.monolingual_EN]:C(audience_proficiency_proxy)[T.low_l2],185.2512176512407,
all_condition,F0mseavg,C(condition)[T.monolingual_EN]:C(audience_proficiency_proxy)[T.mid_l2],-44.18227842223283,
all_condition,F0mseavg,C(condition)[T.monolingual_EN]:C(dialogue_act)[T.1],22352420258032.547,
all_condition,F0mseavg,"C(condition)[T.monolingual_EN]:C(dialogue_act)[T.a,_i]",-72580016397.10356,
all_condition,F0mseavg,"C(condition)[T.monolingual_EN]:C(dialogue_act)[T.a,_o]",-45091477.64551191,
all_condition,F0mseavg,C(condition)[T.monolingual_EN]:C(dialogue_act)[T.a],-2931033386095.0146,
all_condition,F0mseavg,"C(condition)[T.monolingual_EN]:C(dialogue_act)[T.i,_a,_o]",0.0,
all_condition,F0mseavg,"C(condition)[T.monolingual_EN]:C(dialogue_act)[T.i,_a]",0.0,
all_condition,F0mseavg,C(condition)[T.monolingual_EN]:C(dialogue_act)[T.i],-82.38505835496434,
all_condition,F0mseavg,"C(condition)[T.monolingual_EN]:C(dialogue_act)[T.o,_a]",0.0,
all_condition,F0mseavg,"C(condition)[T.monolingual_EN]:C(dialogue_act)[T.o,_i]",0.0,
all_condition,F0mseavg,C(condition)[T.monolingual_EN]:C(dialogue_act)[T.o],-47.01456227059735,
all_condition,F0mseavg,C(condition)[T.monolingual_EN]:C(gender)[T.male],,-53.760920822298864
all_condition,F0mseavg,C(condition)[T.monolingual_EN]:C(nationality)[T.singaporean],,17.31495057181059
all_condition,F0mseavg,C(condition)[T.monolingual_HI],-34.77134248904562,
all_condition,F0mseavg,C(condition)[T.monolingual_HI]:C(audience_proficiency_proxy)[T.low_l2],59.47486530306123,
all_condition,F0mseavg,C(condition)[T.monolingual_HI]:C(audience_proficiency_proxy)[T.mid_l2],25.719756790169576,
all_condition,F0mseavg,C(condition)[T.monolingual_HI]:C(dialogue_act)[T.1],2146514175761071.5,
all_condition,F0mseavg,"C(condition)[T.monolingual_HI]:C(dialogue_act)[T.a,_i]",-1785728931.7284412,
all_condition,F0mseavg,"C(condition)[T.monolingual_HI]:C(dialogue_act)[T.a,_o]",991910.2379836865,
all_condition,F0mseavg,C(condition)[T.monolingual_HI]:C(dialogue_act)[T.a],1886189858042.3572,
all_condition,F0mseavg,"C(condition)[T.monolingual_HI]:C(dialogue_act)[T.i,_a,_o]",0.0,
all_condition,F0mseavg,"C(condition)[T.monolingual_HI]:C(dialogue_act)[T.i,_a]",0.0,
all_condition,F0mseavg,C(condition)[T.monolingual_HI]:C(dialogue_act)[T.i],15.193404774887277,
all_condition,F0mseavg,"C(condition)[T.monolingual_HI]:C(dialogue_act)[T.o,_a]",0.0,
all_condition,F0mseavg,"C(condition)[T.monolingual_HI]:C(dialogue_act)[T.o,_i]",0.0,
all_condition,F0mseavg,C(condition)[T.monolingual_HI]:C(dialogue_act)[T.o],212.23440608302207,
all_condition,F0mseavg,C(condition)[T.monolingual_ZH],,-26.076727650459677
all_condition,F0mseavg,C(condition)[T.monolingual_ZH]:C(age_bucket)[T.25+],,-13.89319287292993
all_condition,F0mseavg,C(condition)[T.monolingual_ZH]:C(age_bucket)[T.<19],,157.5942773916902
all_condition,F0mseavg,C(condition)[T.monolingual_ZH]:C(gender)[T.male],,85.96116567884907
all_condition,F0mseavg,C(condition)[T.monolingual_ZH]:C(nationality)[T.singaporean],,-108.67636111272662
all_condition,F0mseavg,C(dialogue_act)[T.1],-2146514175760762.5,
all_condition,F0mseavg,"C(dialogue_act)[T.a,_i]",6.464600708065448,
all_condition,F0mseavg,"C(dialogue_act)[T.a,_o]",-79.83054061548057,
all_condition,F0mseavg,C(dialogue_act)[T.a],-33.125134149780294,
all_condition,F0mseavg,"C(dialogue_act)[T.i,_a,_o]",-213.3520562344551,
all_condition,F0mseavg,"C(dialogue_act)[T.i,_a]",-50.89924428308437,
all_condition,F0mseavg,C(dialogue_act)[T.i],-30.91301615864921,
all_condition,F0mseavg,"C(dialogue_act)[T.o,_a]",180.95369650462672,
all_condition,F0mseavg,"C(dialogue_act)[T.o,_i]",-29.552870982648244,
all_condition,F0mseavg,C(dialogue_act)[T.o],-82.35413857442173,
all_condition,F0mseavg,C(gender)[T.male],,-324.14438150603263
all_condition,F0mseavg,C(nationality)[T.singaporean],,194.51250104113004
all_condition,F0mseavg,Intercept,382.12548655065814,278.42916363404026
all_condition,F0mseavg,has_discourse_marker[T.True],-29.594351148359706,12.396060553492722
all_condition,F0mseavg,has_repetition[T.True],3.599977966257847,33.59787208224311
all_condition,F0msemax,C(age_bucket)[T.25+],,-78.70272539679219
all_condition,F0msemax,C(age_bucket)[T.<19],,67.28223901933008
all_condition,F0msemax,C(audience_proficiency_proxy)[T.low_l2],-705.8007960642874,
all_condition,F0msemax,C(audience_proficiency_proxy)[T.mid_l2],20.483400209196873,
all_condition,F0msemax,C(condition)[T.monolingual_EN],-510.5571701084179,-53.156723411854756
all_condition,F0msemax,C(condition)[T.monolingual_EN]:C(age_bucket)[T.25+],,111.6803275447922
all_condition,F0msemax,C(condition)[T.monolingual_EN]:C(age_bucket)[T.<19],,-42.79631902874038
all_condition,F0msemax,C(condition)[T.monolingual_EN]:C(audience_proficiency_proxy)[T.low_l2],1157.468538997791,
all_condition,F0msemax,C(condition)[T.monolingual_EN]:C(audience_proficiency_proxy)[T.mid_l2],-115.91578464985815,
all_condition,F0msemax,C(condition)[T.monolingual_EN]:C(dialogue_act)[T.1],26984947651973.453,
all_condition,F0msemax,"C(condition)[T.monolingual_EN]:C(dialogue_act)[T.a,_i]",-87622186789.87958,
all_condition,F0msemax,"C(condition)[T.monolingual_EN]:C(dialogue_act)[T.a,_o]",-54436662.77601397,
all_condition,F0msemax,C(condition)[T.monolingual_EN]:C(dialogue_act)[T.a],-3538488520568.047,
all_condition,F0msemax,"C(condition)[T.monolingual_EN]:C(dialogue_act)[T.i,_a,_o]",0.0,
all_condition,F0msemax,"C(condition)[T.monolingual_EN]:C(dialogue_act)[T.i,_a]",0.0,
all_condition,F0msemax,C(condition)[T.monolingual_EN]:C(dialogue_act)[T.i],-40.90330753135352,
all_condition,F0msemax,"C(condition)[T.monolingual_EN]:C(dialogue_act)[T.o,_a]",0.0,
all_condition,F0msemax,"C(condition)[T.monolingual_EN]:C(dialogue_act)[T.o,_i]",0.0,
all_condition,F0msemax,C(condition)[T.monolingual_EN]:C(dialogue_act)[T.o],-134.19041332049525,
all_condition,F0msemax,C(condition)[T.monolingual_EN]:C(gender)[T.male],,-94.28368592533499
all_condition,F0msemax,C(condition)[T.monolingual_EN]:C(nationality)[T.singaporean],,55.410054552000844
all_condition,F0msemax,C(condition)[T.monolingual_HI],-483.4502690845504,
all_condition,F0msemax,C(condition)[T.monolingual_HI]:C(audience_proficiency_proxy)[T.low_l2],692.9889190990714,
all_condition,F0msemax,C(condition)[T.monolingual_HI]:C(audience_proficiency_proxy)[T.mid_l2],193.97387493179335,
all_condition,F0msemax,C(condition)[T.monolingual_HI]:C(dialogue_act)[T.1],2591378114694616.0,
all_condition,F0msemax,"C(condition)[T.monolingual_HI]:C(dialogue_act)[T.a,_i]",-2155820317.756873,
all_condition,F0msemax,"C(condition)[T.monolingual_HI]:C(dialogue_act)[T.a,_o]",1197483.1154056962,
all_condition,F0msemax,C(condition)[T.monolingual_HI]:C(dialogue_act)[T.a],2277101718444.3506,
all_condition,F0msemax,"C(condition)[T.monolingual_HI]:C(dialogue_act)[T.i,_a,_o]",0.0,
all_condition,F0msemax,"C(condition)[T.monolingual_HI]:C(dialogue_act)[T.i,_a]",0.0,
all_condition,F0msemax,C(condition)[T.monolingual_HI]:C(dialogue_act)[T.i],-142.8769887104924,
all_condition,F0msemax,"C(condition)[T.monolingual_HI]:C(dialogue_act)[T.o,_a]",0.0,
all_condition,F0msemax,"C(condition)[T.monolingual_HI]:C(dialogue_act)[T.o,_i]",0.0,
all_condition,F0msemax,C(condition)[T.monolingual_HI]:C(dialogue_act)[T.o],1978.085392361337,
all_condition,F0msemax,C(condition)[T.monolingual_ZH],,57.718862556463165
all_condition,F0msemax,C(condition)[T.monolingual_ZH]:C(age_bucket)[T.25+],,-93.9476579954211
all_condition,F0msemax,C(condition)[T.monolingual_ZH]:C(age_bucket)[T.<19],,203.13307267610014
all_condition,F0msemax,C(condition)[T.monolingual_ZH]:C(gender)[T.male],,67.14620776855087
all_condition,F0msemax,C(condition)[T.monolingual_ZH]:C(nationality)[T.singaporean],,-218.5541207846037
all_condition,F0msemax,C(dialogue_act)[T.1],-2591378114695035.0,
all_condition,F0msemax,"C(dialogue_act)[T.a,_i]",518.0952629442563,
all_condition,F0msemax,"C(dialogue_act)[T.a,_o]",-616.1150796391504,
all_condition,F0msemax,C(dialogue_act)[T.a],139.96578173914227,
all_condition,F0msemax,"C(dialogue_act)[T.i,_a,_o]",-511.70533049442963,
all_condition,F0msemax,"C(dialogue_act)[T.i,_a]",459.48235912232093,
all_condition,F0msemax,C(dialogue_act)[T.i],60.05210378005051,
all_condition,F0msemax,"C(dialogue_act)[T.o,_a]",1399.331657736975,
all_condition,F0msemax,"C(dialogue_act)[T.o,_i]",1038.4277024752387,
all_condition,F0msemax,C(dialogue_act)[T.o],-244.20239726700493,
all_condition,F0msemax,C(gender)[T.male],,-369.28849480512054
all_condition,F0msemax,C(nationality)[T.singaporean],,237.70038166911678
all_condition,F0msemax,Intercept,1376.361093112465,342.69092137909644
all_condition,F0msemax,has_discourse_marker[T.True],210.98149342936358,32.82732974406627
all_condition,F0msemax,has_repetition[T.True],323.3832081790781,49.07361878000398
all_condition,F0msemin,C(age_bucket)[T.25+],,-18.319973824703908
all_condition,F0msemin,C(age_bucket)[T.<19],,295.9444548158862
all_condition,F0msemin,C(audience_proficiency_proxy)[T.low_l2],17.50557018055519,
all_condition,F0msemin,C(audience_proficiency_proxy)[T.mid_l2],5.4288862218833716,
all_condition,F0msemin,C(condition)[T.monolingual_EN],30.224133593563742,-16.839470453742877
all_condition,F0msemin,C(condition)[T.monolingual_EN]:C(age_bucket)[T.25+],,22.583312619222024
all_condition,F0msemin,C(condition)[T.monolingual_EN]:C(age_bucket)[T.<19],,-50.38254666612297
all_condition,F0msemin,C(condition)[T.monolingual_EN]:C(audience_proficiency_proxy)[T.low_l2],-78.44442900673548,
all_condition,F0msemin,C(condition)[T.monolingual_EN]:C(audience_proficiency_proxy)[T.mid_l2],-43.295952742055995,
all_condition,F0msemin,C(condition)[T.monolingual_EN]:C(dialogue_act)[T.1],-11316731635.699402,
all_condition,F0msemin,"C(condition)[T.monolingual_EN]:C(dialogue_act)[T.a,_i]",36746292.267187774,
all_condition,F0msemin,"C(condition)[T.monolingual_EN]:C(dialogue_act)[T.a,_o]",22829.21248261904,
all_condition,F0msemin,C(condition)[T.monolingual_EN]:C(dialogue_act)[T.a],1483943030.0078182,
all_condition,F0msemin,"C(condition)[T.monolingual_EN]:C(dialogue_act)[T.i,_a,_o]",0.0,
all_condition,F0msemin,"C(condition)[T.monolingual_EN]:C(dialogue_act)[T.i,_a]",0.0,
all_condition,F0msemin,C(condition)[T.monolingual_EN]:C(dialogue_act)[T.i],-37.8383388833131,
all_condition,F0msemin,"C(condition)[T.monolingual_EN]:C(dialogue_act)[T.o,_a]",0.0,
all_condition,F0msemin,"C(condition)[T.monolingual_EN]:C(dialogue_act)[T.o,_i]",0.0,
all_condition,F0msemin,C(condition)[T.monolingual_EN]:C(dialogue_act)[T.o],-11.794969154946475,
all_condition,F0msemin,C(condition)[T.monolingual_EN]:C(gender)[T.male],,-44.57026651772698
all_condition,F0msemin,C(condition)[T.monolingual_EN]:C(nationality)[T.singaporean],,4.665029841771063
all_condition,F0msemin,C(condition)[T.monolingual_HI],10.43408665094309,
all_condition,F0msemin,C(condition)[T.monolingual_HI]:C(audience_proficiency_proxy)[T.low_l2],-32.9638600416347,
all_condition,F0msemin,C(condition)[T.monolingual_HI]:C(audience_proficiency_proxy)[T.mid_l2],-6.505735887464747,
all_condition,F0msemin,C(condition)[T.monolingual_HI]:C(dialogue_act)[T.1],-1086751438949.0645,
all_condition,F0msemin,"C(condition)[T.monolingual_HI]:C(dialogue_act)[T.a,_i]",904090.6917994563,
all_condition,F0msemin,"C(condition)[T.monolingual_HI]:C(dialogue_act)[T.a,_o]",-502.1908965732646,
all_condition,F0msemin,C(condition)[T.monolingual_HI]:C(dialogue_act)[T.a],-954952716.1281223,
all_condition,F0msemin,"C(condition)[T.monolingual_HI]:C(dialogue_act)[T.i,_a,_o]",0.0,
all_condition,F0msemin,"C(condition)[T.monolingual_HI]:C(dialogue_act)[T.i,_a]",0.0,
all_condition,F0msemin,C(condition)[T.monolingual_HI]:C(dialogue_act)[T.i],-8.609694289956149,
all_condition,F0msemin,"C(condition)[T.monolingual_HI]:C(dialogue_act)[T.o,_a]",0.0,
all_condition,F0msemin,"C(condition)[T.monolingual_HI]:C(dialogue_act)[T.o,_i]",0.0,
all_condition,F0msemin,C(condition)[T.monolingual_HI]:C(dialogue_act)[T.o],-0.28190728201930426,
all_condition,F0msemin,C(condition)[T.monolingual_ZH],,-117.99036024027312
all_condition,F0msemin,C(condition)[T.monolingual_ZH]:C(age_bucket)[T.25+],,67.67744177124
all_condition,F0msemin,C(condition)[T.monolingual_ZH]:C(age_bucket)[T.<19],,134.73230649880256
all_condition,F0msemin,C(condition)[T.monolingual_ZH]:C(gender)[T.male],,115.29528401601127
all_condition,F0msemin,C(condition)[T.monolingual_ZH]:C(nationality)[T.singaporean],,-3.122187499036862
all_condition,F0msemin,C(dialogue_act)[T.1],1086751438940.1641,
all_condition,F0msemin,"C(dialogue_act)[T.a,_i]",-14.768705536374924,
all_condition,F0msemin,"C(dialogue_act)[T.a,_o]",-16.53787706186253,
all_condition,F0msemin,C(dialogue_act)[T.a],-12.988169143047713,
all_condition,F0msemin,"C(dialogue_act)[T.i,_a,_o]",-16.986445681206526,
all_condition,F0msemin,"C(dialogue_act)[T.i,_a]",-14.99452261979632,
all_condition,F0msemin,C(dialogue_act)[T.i],-10.697145520663305,
all_condition,F0msemin,"C(dialogue_act)[T.o,_a]",20.592914490355117,
all_condition,F0msemin,"C(dialogue_act)[T.o,_i]",-8.914919683550606,
all_condition,F0msemin,C(dialogue_act)[T.o],-20.956703942483806,
all_condition,F0msemin,C(gender)[T.male],,-295.2503380647004
all_condition,F0msemin,C(nationality)[T.singaporean],,166.1598386539835
all_condition,F0msemin,Intercept,43.46688846921731,221.31976933628025
all_condition,F0msemin,has_discourse_marker[T.True],-26.458921745681504,1.5921287839609182
all_condition,F0msemin,has_repetition[T.True],-4.8233113040104,27.756221991151932
all_condition,F0msestd,C(age_bucket)[T.25+],,-30.35420722580167
all_condition,F0msestd,C(age_bucket)[T.<19],,-102.14621555245978
all_condition,F0msestd,C(audience_proficiency_proxy)[T.low_l2],-205.530538149303,
all_condition,F0msestd,C(audience_proficiency_proxy)[T.mid_l2],8.58143223614027,
all_condition,F0msestd,C(condition)[T.monolingual_EN],-127.28380432645636,-21.500716817422166
all_condition,F0msestd,C(condition)[T.monolingual_EN]:C(age_bucket)[T.25+],,43.238782493071305
all_condition,F0msestd,C(condition)[T.monolingual_EN]:C(age_bucket)[T.<19],,11.81590436947074
all_condition,F0msestd,C(condition)[T.monolingual_EN]:C(audience_proficiency_proxy)[T.low_l2],334.1286927596403,
all_condition,F0msestd,C(condition)[T.monolingual_EN]:C(audience_proficiency_proxy)[T.mid_l2],-16.987481445359368,
all_condition,F0msestd,C(condition)[T.monolingual_EN]:C(dialogue_act)[T.1],14803692220077.537,
all_condition,F0msestd,"C(condition)[T.monolingual_EN]:C(dialogue_act)[T.a,_i]",-48068719703.173355,
all_condition,F0msestd,"C(condition)[T.monolingual_EN]:C(dialogue_act)[T.a,_o]",-29863448.74993062,
all_condition,F0msestd,C(condition)[T.monolingual_EN]:C(dialogue_act)[T.a],-1941182012222.1316,
all_condition,F0msestd,"C(condition)[T.monolingual_EN]:C(dialogue_act)[T.i,_a,_o]",0.0,
all_condition,F0msestd,"C(condition)[T.monolingual_EN]:C(dialogue_act)[T.i,_a]",0.0,
all_condition,F0msestd,C(condition)[T.monolingual_EN]:C(dialogue_act)[T.i],1.089530754740153,
all_condition,F0msestd,"C(condition)[T.monolingual_EN]:C(dialogue_act)[T.o,_a]",0.0,
all_condition,F0msestd,"C(condition)[T.monolingual_EN]:C(dialogue_act)[T.o,_i]",0.0,
all_condition,F0msestd,C(condition)[T.monolingual_EN]:C(dialogue_act)[T.o],-27.374329684882333,
all_condition,F0msestd,C(condition)[T.monolingual_EN]:C(gender)[T.male],,-16.772505918918853
all_condition,F0msestd,C(condition)[T.monolingual_EN]:C(nationality)[T.singaporean],,19.024697356575388
all_condition,F0msestd,C(condition)[T.monolingual_HI],-102.35088753030612,
all_condition,F0msestd,C(condition)[T.monolingual_HI]:C(audience_proficiency_proxy)[T.low_l2],174.4786595696482,
all_condition,F0msestd,C(condition)[T.monolingual_HI]:C(audience_proficiency_proxy)[T.mid_l2],57.65520114590558,
all_condition,F0msestd,C(condition)[T.monolingual_HI]:C(dialogue_act)[T.1],1421606020161451.8,
all_condition,F0msestd,"C(condition)[T.monolingual_HI]:C(dialogue_act)[T.a,_i]",-1182663048.9508548,
all_condition,F0msestd,"C(condition)[T.monolingual_HI]:C(dialogue_act)[T.a,_o]",656928.1403778868,
all_condition,F0msestd,C(condition)[T.monolingual_HI]:C(dialogue_act)[T.a],1249196901487.9465,
all_condition,F0msestd,"C(condition)[T.monolingual_HI]:C(dialogue_act)[T.i,_a,_o]",0.0,
all_condition,F0msestd,"C(condition)[T.monolingual_HI]:C(dialogue_act)[T.i,_a]",0.0,
all_condition,F0msestd,C(condition)[T.monolingual_HI]:C(dialogue_act)[T.i],-12.220746176062903,
all_condition,F0msestd,"C(condition)[T.monolingual_HI]:C(dialogue_act)[T.o,_a]",0.0,
all_condition,F0msestd,"C(condition)[T.monolingual_HI]:C(dialogue_act)[T.o,_i]",0.0,
all_condition,F0msestd,C(condition)[T.monolingual_HI]:C(dialogue_act)[T.o],518.2572180531254,
all_condition,F0msestd,C(condition)[T.monolingual_ZH],,90.18689146004846
all_condition,F0msestd,C(condition)[T.monolingual_ZH]:C(age_bucket)[T.25+],,-81.59138324047716
all_condition,F0msestd,C(condition)[T.monolingual_ZH]:C(age_bucket)[T.<19],,26.850771699438575
all_condition,F0msestd,C(condition)[T.monolingual_ZH]:C(gender)[T.male],,-27.795467998765492
all_condition,F0msestd,C(condition)[T.monolingual_ZH]:C(nationality)[T.singaporean],,-105.85219879124365
all_condition,F0msestd,C(dialogue_act)[T.1],-1421606020161454.0,
all_condition,F0msestd,"C(dialogue_act)[T.a,_i]",58.102267356793256,
all_condition,F0msestd,"C(dialogue_act)[T.a,_o]",-192.45537776755336,
all_condition,F0msestd,C(dialogue_act)[T.a],-0.6248411414979458,
all_condition,F0msestd,"C(dialogue_act)[T.i,_a,_o]",-200.5966626673687,
all_condition,F0msestd,"C(dialogue_act)[T.i,_a]",8.800242683519725,
all_condition,F0msestd,C(dialogue_act)[T.i],-12.265796079352471,
all_condition,F0msestd,"C(dialogue_act)[T.o,_a]",312.7999094651674,
all_condition,F0msestd,"C(dialogue_act)[T.o,_i]",35.82051058267376,
all_condition,F0msestd,C(dialogue_act)[T.o],-81.98588889523077,
all_condition,F0msestd,C(gender)[T.male],,-30.469994420823138
all_condition,F0msestd,C(nationality)[T.singaporean],,29.967131802786813
all_condition,F0msestd,Intercept,466.40600145987355,58.24771669399593
all_condition,F0msestd,has_discourse_marker[T.True],24.860810373509167,12.804254383564777
all_condition,F0msestd,has_repetition[T.True],41.176284934266974,7.486575166299164
all_condition,F0tiltavg,C(age_bucket)[T.25+],,84.77989922527745
all_condition,F0tiltavg,C(age_bucket)[T.<19],,591.5150330183932
all_condition,F0tiltavg,C(audience_proficiency_proxy)[T.low_l2],6.915776337281393,
all_condition,F0tiltavg,C(audience_proficiency_proxy)[T.mid_l2],-13.57581971634433,
all_condition,F0tiltavg,C(condition)[T.monolingual_EN],9.50505224084937,85.35591517565115
all_condition,F0tiltavg,C(condition)[T.monolingual_EN]:C(age_bucket)[T.25+],,-2.666129773579218
all_condition,F0tiltavg,C(condition)[T.monolingual_EN]:C(age_bucket)[T.<19],,-53.77126436234271
all_condition,F0tiltavg,C(condition)[T.monolingual_EN]:C(audience_proficiency_proxy)[T.low_l2],-125.66940937774339,
all_condition,F0tiltavg,C(condition)[T.monolingual_EN]:C(audience_proficiency_proxy)[T.mid_l2],25.448833762632965,
all_condition,F0tiltavg,C(condition)[T.monolingual_EN]:C(dialogue_act)[T.1],10015218375124.74,
all_condition,F0tiltavg,"C(condition)[T.monolingual_EN]:C(dialogue_act)[T.a,_i]",-32520179268.994747,
all_condition,F0tiltavg,"C(condition)[T.monolingual_EN]:C(dialogue_act)[T.a,_o]",-20203673.260597803,
all_condition,F0tiltavg,C(condition)[T.monolingual_EN]:C(dialogue_act)[T.a],-1313277895084.939,
all_condition,F0tiltavg,"C(condition)[T.monolingual_EN]:C(dialogue_act)[T.i,_a,_o]",0.0,
all_condition,F0tiltavg,"C(condition)[T.monolingual_EN]:C(dialogue_act)[T.i,_a]",0.0,
all_condition,F0tiltavg,C(condition)[T.monolingual_EN]:C(dialogue_act)[T.i],39.17165996771023,
all_condition,F0tiltavg,"C(condition)[T.monolingual_EN]:C(dialogue_act)[T.o,_a]",0.0,
all_condition,F0tiltavg,"C(condition)[T.monolingual_EN]:C(dialogue_act)[T.o,_i]",0.0,
all_condition,F0tiltavg,C(condition)[T.monolingual_EN]:C(dialogue_act)[T.o],51.774550647444144,
all_condition,F0tiltavg,C(condition)[T.monolingual_EN]:C(gender)[T.male],,-176.90714461800675
all_condition,F0tiltavg,C(condition)[T.monolingual_EN]:C(nationality)[T.singaporean],,-94.68265857646855
all_condition,F0tiltavg,C(condition)[T.monolingual_HI],43.26263363861705,
all_condition,F0tiltavg,C(condition)[T.monolingual_HI]:C(audience_proficiency_proxy)[T.low_l2],-32.334594696332275,
all_condition,F0tiltavg,C(condition)[T.monolingual_HI]:C(audience_proficiency_proxy)[T.mid_l2],-7.503161697047993,
all_condition,F0tiltavg,C(condition)[T.monolingual_HI]:C(dialogue_act)[T.1],961766464990452.0,
all_condition,F0tiltavg,"C(condition)[T.monolingual_HI]:C(dialogue_act)[T.a,_i]",-800113142.271992,
all_condition,F0tiltavg,"C(condition)[T.monolingual_HI]:C(dialogue_act)[T.a,_o]",444434.98857170175,
all_condition,F0tiltavg,C(condition)[T.monolingual_HI]:C(dialogue_act)[T.a],845125633249.9904,
all_condition,F0tiltavg,"C(condition)[T.monolingual_HI]:C(dialogue_act)[T.i,_a,_o]",0.0,
all_condition,F0tiltavg,"C(condition)[T.monolingual_HI]:C(dialogue_act)[T.i,_a]",0.0,
all_condition,F0tiltavg,C(condition)[T.monolingual_HI]:C(dialogue_act)[T.i],-51.53801689768037,
all_condition,F0tiltavg,"C(condition)[T.monolingual_HI]:C(dialogue_act)[T.o,_a]",0.0,
all_condition,F0tiltavg,"C(condition)[T.monolingual_HI]:C(dialogue_act)[T.o,_i]",0.0,
all_condition,F0tiltavg,C(condition)[T.monolingual_HI]:C(dialogue_act)[T.o],-76.0920326146347,
all_condition,F0tiltavg,C(condition)[T.monolingual_ZH],,-33.59829326744477
all_condition,F0tiltavg,C(condition)[T.monolingual_ZH]:C(age_bucket)[T.25+],,24.88160954673196
all_condition,F0tiltavg,C(condition)[T.monolingual_ZH]:C(age_bucket)[T.<19],,51.863903374027885
all_condition,F0tiltavg,C(condition)[T.monolingual_ZH]:C(gender)[T.male],,23.714433831403415
all_condition,F0tiltavg,C(condition)[T.monolingual_ZH]:C(nationality)[T.singaporean],,-11.647926353299107
all_condition,F0tiltavg,C(dialogue_act)[T.1],-961766464990230.0,
all_condition,F0tiltavg,"C(dialogue_act)[T.a,_i]",-36.02679085315086,
all_condition,F0tiltavg,"C(dialogue_act)[T.a,_o]",-77.3428725925501,
all_condition,F0tiltavg,C(dialogue_act)[T.a],-25.435874394320194,
all_condition,F0tiltavg,"C(dialogue_act)[T.i,_a,_o]",66.29747951048685,
all_condition,F0tiltavg,"C(dialogue_act)[T.i,_a]",-44.42907734423255,
all_condition,F0tiltavg,C(dialogue_act)[T.i],-10.001967826332603,
all_condition,F0tiltavg,"C(dialogue_act)[T.o,_a]",-226.31370540424,
all_condition,F0tiltavg,"C(dialogue_act)[T.o,_i]",-57.22099533283054,
all_condition,F0tiltavg,C(dialogue_act)[T.o],30.60232169054526,
all_condition,F0tiltavg,C(gender)[T.male],,115.00876664355577
all_condition,F0tiltavg,C(nationality)[T.singaporean],,207.79418358537768
all_condition,F0tiltavg,Intercept,-45.190334910105435,-225.0737585306409
all_condition,F0tiltavg,has_discourse_marker[T.True],-26.003193328011342,3.607526713357009
all_condition,F0tiltavg,has_repetition[T.True],9.118403870050251,9.715102733222336
all_condition,F0tiltmax,C(age_bucket)[T.25+],,47.00138923358219
all_condition,F0tiltmax,C(age_bucket)[T.<19],,490.278538224869
all_condition,F0tiltmax,C(audience_proficiency_proxy)[T.low_l2],-208.81116161012642,
all_condition,F0tiltmax,C(audience_proficiency_proxy)[T.mid_l2],16.709203856486422,
all_condition,F0tiltmax,C(condition)[T.monolingual_EN],-220.78556747082985,53.408403330628026
all_condition,F0tiltmax,C(condition)[T.monolingual_EN]:C(age_bucket)[T.25+],,19.489735211627245
all_condition,F0tiltmax,C(condition)[T.monolingual_EN]:C(age_bucket)[T.<19],,-82.95564165780313
all_condition,F0tiltmax,C(condition)[T.monolingual_EN]:C(audience_proficiency_proxy)[T.low_l2],274.20763464186143,
all_condition,F0tiltmax,C(condition)[T.monolingual_EN]:C(audience_proficiency_proxy)[T.mid_l2],-23.153697465209984,
all_condition,F0tiltmax,C(condition)[T.monolingual_EN]:C(dialogue_act)[T.1],24300060855372.723,
all_condition,F0tiltmax,"C(condition)[T.monolingual_EN]:C(dialogue_act)[T.a,_i]",-78904154224.63034,
all_condition,F0tiltmax,"C(condition)[T.monolingual_EN]:C(dialogue_act)[T.a,_o]",-49020447.81709253,
all_condition,F0tiltmax,C(condition)[T.monolingual_EN]:C(dialogue_act)[T.a],-3186424057396.764,
all_condition,F0tiltmax,"C(condition)[T.monolingual_EN]:C(dialogue_act)[T.i,_a,_o]",0.0,
all_condition,F0tiltmax,"C(condition)[T.monolingual_EN]:C(dialogue_act)[T.i,_a]",0.0,
all_condition,F0tiltmax,C(condition)[T.monolingual_EN]:C(dialogue_act)[T.i],42.10609548783518,
all_condition,F0tiltmax,"C(condition)[T.monolingual_EN]:C(dialogue_act)[T.o,_a]",0.0,
all_condition,F0tiltmax,"C(condition)[T.monolingual_EN]:C(dialogue_act)[T.o,_i]",0.0,
all_condition,F0tiltmax,C(condition)[T.monolingual_EN]:C(dialogue_act)[T.o],62.44463170971487,
all_condition,F0tiltmax,C(condition)[T.monolingual_EN]:C(gender)[T.male],,-158.65675013767952
all_condition,F0tiltmax,C(condition)[T.monolingual_EN]:C(nationality)[T.singaporean],,-18.912943223186343
all_condition,F0tiltmax,C(condition)[T.monolingual_HI],-139.4130675628312,
all_condition,F0tiltmax,C(condition)[T.monolingual_HI]:C(audience_proficiency_proxy)[T.low_l2],211.04219169559542,
all_condition,F0tiltmax,C(condition)[T.monolingual_HI]:C(audience_proficiency_proxy)[T.mid_l2],32.51192924033258,
all_condition,F0tiltmax,C(condition)[T.monolingual_HI]:C(dialogue_act)[T.1],2333547083303743.5,
all_condition,F0tiltmax,"C(condition)[T.monolingual_HI]:C(dialogue_act)[T.a,_i]",-1941325422.986658,
all_condition,F0tiltmax,"C(condition)[T.monolingual_HI]:C(dialogue_act)[T.a,_o]",1078338.6706148237,
all_condition,F0tiltmax,C(condition)[T.monolingual_HI]:C(dialogue_act)[T.a],2050539843386.514,
all_condition,F0tiltmax,"C(condition)[T.monolingual_HI]:C(dialogue_act)[T.i,_a,_o]",0.0,
all_condition,F0tiltmax,"C(condition)[T.monolingual_HI]:C(dialogue_act)[T.i,_a]",0.0,
all_condition,F0tiltmax,C(condition)[T.monolingual_HI]:C(dialogue_act)[T.i],-96.70119362407326,
all_condition,F0tiltmax,"C(condition)[T.monolingual_HI]:C(dialogue_act)[T.o,_a]",0.0,
all_condition,F0tiltmax,"C(condition)[T.monolingual_HI]:C(dialogue_act)[T.o,_i]",0.0,
all_condition,F0tiltmax,C(condition)[T.monolingual_HI]:C(dialogue_act)[T.o],183.66178150183447,
all_condition,F0tiltmax,C(condition)[T.monolingual_ZH],,53.26227994464117
all_condition,F0tiltmax,C(condition)[T.monolingual_ZH]:C(age_bucket)[T.25+],,-55.06582371398843
all_condition,F0tiltmax,C(condition)[T.monolingual_ZH]:C(age_bucket)[T.<19],,79.57139196870227
all_condition,F0tiltmax,C(condition)[T.monolingual_ZH]:C(gender)[T.male],,6.159500136566681
all_condition,F0tiltmax,C(condition)[T.monolingual_ZH]:C(nationality)[T.singaporean],,-112.46421565570765
all_condition,F0tiltmax,C(dialogue_act)[T.1],-2333547083303602.0,
all_condition,F0tiltmax,"C(dialogue_act)[T.a,_i]",285.68249480411765,
all_condition,F0tiltmax,"C(dialogue_act)[T.a,_o]",-173.12653404613334,
all_condition,F0tiltmax,C(dialogue_act)[T.a],120.39894949053138,
all_condition,F0tiltmax,"C(dialogue_act)[T.i,_a,_o]",380.17619642796126,
all_condition,F0tiltmax,"C(dialogue_act)[T.i,_a]",192.71783672931542,
all_condition,F0tiltmax,C(dialogue_act)[T.i],56.83191901286705,
all_condition,F0tiltmax,"C(dialogue_act)[T.o,_a]",184.73949870469917,
all_condition,F0tiltmax,"C(dialogue_act)[T.o,_i]",154.51807025556855,
all_condition,F0tiltmax,C(dialogue_act)[T.o],120.56578506501089,
all_condition,F0tiltmax,C(gender)[T.male],,154.16418415486473
all_condition,F0tiltmax,C(nationality)[T.singaporean],,214.7728979424782
all_condition,F0tiltmax,Intercept,539.0418589632686,-147.9984785490633
all_condition,F0tiltmax,has_discourse_marker[T.True],64.20597287056202,16.647885350046902
all_condition,F0tiltmax,has_repetition[T.True],146.2257694273756,22.518962585933462
all_condition,F0tiltmin,C(age_bucket)[T.25+],,100.70916792763302
all_condition,F0tiltmin,C(age_bucket)[T.<19],,698.3376908782084
all_condition,F0tiltmin,C(audience_proficiency_proxy)[T.low_l2],339.4650844424303,
all_condition,F0tiltmin,C(audience_proficiency_proxy)[T.mid_l2],-64.7091463616434,
all_condition,F0tiltmin,C(condition)[T.monolingual_EN],221.28173731643153,135.7544109764003
all_condition,F0tiltmin,C(condition)[T.monolingual_EN]:C(age_bucket)[T.25+],,4.18668372629816
all_condition,F0tiltmin,C(condition)[T.monolingual_EN]:C(age_bucket)[T.<19],,-50.846113588091576
all_condition,F0tiltmin,C(condition)[T.monolingual_EN]:C(audience_proficiency_proxy)[T.low_l2],-765.6587944600246,
all_condition,F0tiltmin,C(condition)[T.monolingual_EN]:C(audience_proficiency_proxy)[T.mid_l2],48.56569950644532,
all_condition,F0tiltmin,C(condition)[T.monolingual_EN]:C(dialogue_act)[T.1],25840004763679.06,
all_condition,F0tiltmin,"C(condition)[T.monolingual_EN]:C(dialogue_act)[T.a,_i]",-83904469753.11754,
all_condition,F0tiltmin,"C(condition)[T.monolingual_EN]:C(dialogue_act)[T.a,_o]",-52126972.54753163,
all_condition,F0tiltmin,C(condition)[T.monolingual_EN]:C(dialogue_act)[T.a],-3388354182003.194,
all_condition,F0tiltmin,"C(condition)[T.monolingual_EN]:C(dialogue_act)[T.i,_a,_o]",0.0,
all_condition,F0tiltmin,"C(condition)[T.monolingual_EN]:C(dialogue_act)[T.i,_a]",0.0,
all_condition,F0tiltmin,C(condition)[T.monolingual_EN]:C(dialogue_act)[T.i],72.66856475942105,
all_condition,F0tiltmin,"C(condition)[T.monolingual_EN]:C(dialogue_act)[T.o,_a]",0.0,
all_condition,F0tiltmin,"C(condition)[T.monolingual_EN]:C(dialogue_act)[T.o,_i]",0.0,
all_condition,F0tiltmin,C(condition)[T.monolingual_EN]:C(dialogue_act)[T.o],-122.56947109469778,
all_condition,F0tiltmin,C(condition)[T.monolingual_EN]:C(gender)[T.male],,-246.18648007925697
all_condition,F0tiltmin,C(condition)[T.monolingual_EN]:C(nationality)[T.singaporean],,-162.18381339709526
all_condition,F0tiltmin,C(condition)[T.monolingual_HI],225.78734579148295,
all_condition,F0tiltmin,C(condition)[T.monolingual_HI]:C(audience_proficiency_proxy)[T.low_l2],-384.08007086776774,
all_condition,F0tiltmin,C(condition)[T.monolingual_HI]:C(audience_proficiency_proxy)[T.mid_l2],-47.44762185395802,
all_condition,F0tiltmin,C(condition)[T.monolingual_HI]:C(dialogue_act)[T.1],2481428672451819.0,
all_condition,F0tiltmin,"C(condition)[T.monolingual_HI]:C(dialogue_act)[T.a,_i]",-2064351133.7847357,
all_condition,F0tiltmin,"C(condition)[T.monolingual_HI]:C(dialogue_act)[T.a,_o]",1146675.1688971897,
all_condition,F0tiltmin,C(condition)[T.monolingual_HI]:C(dialogue_act)[T.a],2180486692464.662,
all_condition,F0tiltmin,"C(condition)[T.monolingual_HI]:C(dialogue_act)[T.i,_a,_o]",0.0,
all_condition,F0tiltmin,"C(condition)[T.monolingual_HI]:C(dialogue_act)[T.i,_a]",0.0,
all_condition,F0tiltmin,C(condition)[T.monolingual_HI]:C(dialogue_act)[T.i],-89.92942761545387,
all_condition,F0tiltmin,"C(condition)[T.monolingual_HI]:C(dialogue_act)[T.o,_a]",0.0,
all_condition,F0tiltmin,"C(condition)[T.monolingual_HI]:C(dialogue_act)[T.o,_i]",0.0,
all_condition,F0tiltmin,C(condition)[T.monolingual_HI]:C(dialogue_act)[T.o],-715.3047258696516,
all_condition,F0tiltmin,C(condition)[T.monolingual_ZH],,-133.50507366849115
all_condition,F0tiltmin,C(condition)[T.monolingual_ZH]:C(age_bucket)[T.25+],,119.02928948125349
all_condition,F0tiltmin,C(condition)[T.monolingual_ZH]:C(age_bucket)[T.<19],,21.85271147080051
all_condition,F0tiltmin,C(condition)[T.monolingual_ZH]:C(gender)[T.male],,48.33795194637532
all_condition,F0tiltmin,C(condition)[T.monolingual_ZH]:C(nationality)[T.singaporean],,106.42375976765103
all_condition,F0tiltmin,C(dialogue_act)[T.1],-2481428672451080.0,
all_condition,F0tiltmin,"C(dialogue_act)[T.a,_i]",-396.7291338873249,
all_condition,F0tiltmin,"C(dialogue_act)[T.a,_o]",-750.1825796569183,
all_condition,F0tiltmin,C(dialogue_act)[T.a],-170.94713688265745,
all_condition,F0tiltmin,"C(dialogue_act)[T.i,_a,_o]",-37.670061937446235,
all_condition,F0tiltmin,"C(dialogue_act)[T.i,_a]",-346.2331088662937,
all_condition,F0tiltmin,C(dialogue_act)[T.i],-108.44321683727311,
all_condition,F0tiltmin,"C(dialogue_act)[T.o,_a]",-615.0749734566809,
all_condition,F0tiltmin,"C(dialogue_act)[T.o,_i]",170.54818641359816,
all_condition,F0tiltmin,C(dialogue_act)[T.o],11.814248426969037,
all_condition,F0tiltmin,C(gender)[T.male],,63.850816367171
all_condition,F0tiltmin,C(nationality)[T.singaporean],,193.64058016868717
all_condition,F0tiltmin,Intercept,-625.2012871255818,-302.91009723726904
all_condition,F0tiltmin,has_discourse_marker[T.True],-167.7290913506149,-6.094751320112629
all_condition,F0tiltmin,has_repetition[T.True],-117.42691334794702,-3.35474757841685
all_condition,F0tiltstd,C(age_bucket)[T.25+],,-38.44700289800176
all_condition,F0tiltstd,C(age_bucket)[T.<19],,-82.98198837164198
all_condition,F0tiltstd,C(audience_proficiency_proxy)[T.low_l2],-114.29392614832219,
all_condition,F0tiltstd,C(audience_proficiency_proxy)[T.mid_l2],14.139892031599272,
all_condition,F0tiltstd,C(condition)[T.monolingual_EN],-77.53279674115764,-43.782208719822684
all_condition,F0tiltstd,C(condition)[T.monolingual_EN]:C(age_bucket)[T.25+],,15.444343766575118
all_condition,F0tiltstd,C(condition)[T.monolingual_EN]:C(age_bucket)[T.<19],,-7.421740515764752
all_condition,F0tiltstd,C(condition)[T.monolingual_EN]:C(audience_proficiency_proxy)[T.low_l2],205.0876892118944,
all_condition,F0tiltstd,C(condition)[T.monolingual_EN]:C(audience_proficiency_proxy)[T.mid_l2],-15.881656255380728,
all_condition,F0tiltstd,C(condition)[T.monolingual_EN]:C(dialogue_act)[T.1],7016613944553.148,
all_condition,F0tiltstd,"C(condition)[T.monolingual_EN]:C(dialogue_act)[T.a,_i]",-22783481576.89141,
all_condition,F0tiltstd,"C(condition)[T.monolingual_EN]:C(dialogue_act)[T.a,_o]",-14154596.557136033,
all_condition,F0tiltstd,C(condition)[T.monolingual_EN]:C(dialogue_act)[T.a],-920076192708.2417,
all_condition,F0tiltstd,"C(condition)[T.monolingual_EN]:C(dialogue_act)[T.i,_a,_o]",0.0,
all_condition,F0tiltstd,"C(condition)[T.monolingual_EN]:C(dialogue_act)[T.i,_a]",0.0,
all_condition,F0tiltstd,C(condition)[T.monolingual_EN]:C(dialogue_act)[T.i],-18.5279085265657,
all_condition,F0tiltstd,"C(condition)[T.monolingual_EN]:C(dialogue_act)[T.o,_a]",0.0,
all_condition,F0tiltstd,"C(condition)[T.monolingual_EN]:C(dialogue_act)[T.o,_i]",0.0,
all_condition,F0tiltstd,C(condition)[T.monolingual_EN]:C(dialogue_act)[T.o],42.52547101650309,
all_condition,F0tiltstd,C(condition)[T.monolingual_EN]:C(gender)[T.male],,42.76439131486279
all_condition,F0tiltstd,C(condition)[T.monolingual_EN]:C(nationality)[T.singaporean],,62.78675616237665
all_condition,F0tiltstd,C(condition)[T.monolingual_HI],-55.28303446857278,
all_condition,F0tiltstd,C(condition)[T.monolingual_HI]:C(audience_proficiency_proxy)[T.low_l2],110.2193533595477,
all_condition,F0tiltstd,C(condition)[T.monolingual_HI]:C(audience_proficiency_proxy)[T.mid_l2],24.665618729041647,
all_condition,F0tiltstd,C(condition)[T.monolingual_HI]:C(dialogue_act)[T.1],673808971196899.5,
all_condition,F0tiltstd,"C(condition)[T.monolingual_HI]:C(dialogue_act)[T.a,_i]",-560555428.8491452,
all_condition,F0tiltstd,"C(condition)[T.monolingual_HI]:C(dialogue_act)[T.a,_o]",311369.02076992183,
all_condition,F0tiltstd,C(condition)[T.monolingual_HI]:C(dialogue_act)[T.a],592090964076.1906,
all_condition,F0tiltstd,"C(condition)[T.monolingual_HI]:C(dialogue_act)[T.i,_a,_o]",0.0,
all_condition,F0tiltstd,"C(condition)[T.monolingual_HI]:C(dialogue_act)[T.i,_a]",0.0,
all_condition,F0tiltstd,C(condition)[T.monolingual_HI]:C(dialogue_act)[T.i],30.51594032624029,
all_condition,F0tiltstd,"C(condition)[T.monolingual_HI]:C(dialogue_act)[T.o,_a]",0.0,
all_condition,F0tiltstd,"C(condition)[T.monolingual_HI]:C(dialogue_act)[T.o,_i]",0.0,
all_condition,F0tiltstd,C(condition)[T.monolingual_HI]:C(dialogue_act)[T.o],222.66429906018536,
all_condition,F0tiltstd,C(condition)[T.monolingual_ZH],,93.67030343047874
all_condition,F0tiltstd,C(condition)[T.monolingual_ZH]:C(age_bucket)[T.25+],,-83.53121246108816
all_condition,F0tiltstd,C(condition)[T.monolingual_ZH]:C(age_bucket)[T.<19],,17.65958076035694
all_condition,F0tiltstd,C(condition)[T.monolingual_ZH]:C(gender)[T.male],,-24.56190609500087
all_condition,F0tiltstd,C(condition)[T.monolingual_ZH]:C(nationality)[T.singaporean],,-103.50530403391527
all_condition,F0tiltstd,C(dialogue_act)[T.1],-673808971196854.8,
all_condition,F0tiltstd,"C(dialogue_act)[T.a,_i]",71.52824464373427,
all_condition,F0tiltstd,"C(dialogue_act)[T.a,_o]",92.31659768449248,
all_condition,F0tiltstd,C(dialogue_act)[T.a],31.809265039950205,
all_condition,F0tiltstd,"C(dialogue_act)[T.i,_a,_o]",18.483135952394093,
all_condition,F0tiltstd,"C(dialogue_act)[T.i,_a]",30.063983856383686,
all_condition,F0tiltstd,C(dialogue_act)[T.i],11.771730118147522,
all_condition,F0tiltstd,"C(dialogue_act)[T.o,_a]",193.5348671084001,
all_condition,F0tiltstd,"C(dialogue_act)[T.o,_i]",-102.06873422133049,
all_condition,F0tiltstd,C(dialogue_act)[T.o],14.878945335204941,
all_condition,F0tiltstd,C(gender)[T.male],,46.14655721909243
all_condition,F0tiltstd,C(nationality)[T.singaporean],,-2.4395353568112617
all_condition,F0tiltstd,Intercept,370.05455143243177,75.64689566543913
all_condition,F0tiltstd,has_discourse_marker[T.True],17.756044028590516,7.51794215515853
all_condition,F0tiltstd,has_repetition[T.True],15.46753037116649,7.154458718559192
all_condition,lastF0avg,C(age_bucket)[T.25+],,-8.954260808115409
all_condition,lastF0avg,C(age_bucket)[T.<19],,-62.84797247733382
all_condition,lastF0avg,C(audience_proficiency_proxy)[T.low_l2],-26.39207584789053,
all_condition,lastF0avg,C(audience_proficiency_proxy)[T.mid_l2],1.5124946313549303,
all_condition,lastF0avg,C(condition)[T.monolingual_EN],-6.353411317486456,-1.5716456971409778
all_condition,lastF0avg,C(condition)[T.monolingual_EN]:C(age_bucket)[T.25+],,6.081640233399961
all_condition,lastF0avg,C(condition)[T.monolingual_EN]:C(age_bucket)[T.<19],,19.253756113042453
all_condition,lastF0avg,C(condition)[T.monolingual_EN]:C(audience_proficiency_proxy)[T.low_l2],50.60091357599884,
all_condition,lastF0avg,C(condition)[T.monolingual_EN]:C(audience_proficiency_proxy)[T.mid_l2],-11.036950595726257,
all_condition,lastF0avg,C(condition)[T.monolingual_EN]:C(dialogue_act)[T.1],835142982463.7842,
all_condition,lastF0avg,"C(condition)[T.monolingual_EN]:C(dialogue_act)[T.a,_i]",-2711773072.5093575,
all_condition,lastF0avg,"C(condition)[T.monolingual_EN]:C(dialogue_act)[T.a,_o]",-1684731.7064486295,
all_condition,lastF0avg,C(condition)[T.monolingual_EN]:C(dialogue_act)[T.a],-109510824130.31311,
all_condition,lastF0avg,"C(condition)[T.monolingual_EN]:C(dialogue_act)[T.i,_a,_o]",0.0,
all_condition,lastF0avg,"C(condition)[T.monolingual_EN]:C(dialogue_act)[T.i,_a]",0.0,
all_condition,lastF0avg,C(condition)[T.monolingual_EN]:C(dialogue_act)[T.i],6.5370184509843785,
all_condition,lastF0avg,"C(condition)[T.monolingual_EN]:C(dialogue_act)[T.o,_a]",0.0,
all_condition,lastF0avg,"C(condition)[T.monolingual_EN]:C(dialogue_act)[T.o,_i]",0.0,
all_condition,lastF0avg,C(condition)[T.monolingual_EN]:C(dialogue_act)[T.o],57.0702089278751,
all_condition,lastF0avg,C(condition)[T.monolingual_EN]:C(gender)[T.male],,11.72929528234376
all_condition,lastF0avg,C(condition)[T.monolingual_EN]:C(nationality)[T.singaporean],,-14.097270976614778
all_condition,lastF0avg,C(condition)[T.monolingual_HI],-0.8278126712866718,
all_condition,lastF0avg,C(condition)[T.monolingual_HI]:C(audience_proficiency_proxy)[T.low_l2],16.778526440135746,
all_condition,lastF0avg,C(condition)[T.monolingual_HI]:C(audience_proficiency_proxy)[T.mid_l2],-2.1005178223014482,
all_condition,lastF0avg,C(condition)[T.monolingual_HI]:C(dialogue_act)[T.1],80199201247674.0,
all_condition,lastF0avg,"C(condition)[T.monolingual_HI]:C(dialogue_act)[T.a,_i]",-66719351.58250314,
all_condition,lastF0avg,"C(condition)[T.monolingual_HI]:C(dialogue_act)[T.a,_o]",37060.27646775206,
all_condition,lastF0avg,C(condition)[T.monolingual_HI]:C(dialogue_act)[T.a],70472826000.6795,
all_condition,lastF0avg,"C(condition)[T.monolingual_HI]:C(dialogue_act)[T.i,_a,_o]",0.0,
all_condition,lastF0avg,"C(condition)[T.monolingual_HI]:C(dialogue_act)[T.i,_a]",0.0,
all_condition,lastF0avg,C(condition)[T.monolingual_HI]:C(dialogue_act)[T.i],4.114262473628894,
all_condition,lastF0avg,"C(condition)[T.monolingual_HI]:C(dialogue_act)[T.o,_a]",0.0,
all_condition,lastF0avg,"C(condition)[T.monolingual_HI]:C(dialogue_act)[T.o,_i]",0.0,
all_condition,lastF0avg,C(condition)[T.monolingual_HI]:C(dialogue_act)[T.o],-7.704832560673054,
all_condition,lastF0avg,C(condition)[T.monolingual_ZH],,11.159539403696163
all_condition,lastF0avg,C(condition)[T.monolingual_ZH]:C(age_bucket)[T.25+],,-9.338646454276624
all_condition,lastF0avg,C(condition)[T.monolingual_ZH]:C(age_bucket)[T.<19],,-3.293027022543398
all_condition,lastF0avg,C(condition)[T.monolingual_ZH]:C(gender)[T.male],,-6.496775372588003
all_condition,lastF0avg,C(condition)[T.monolingual_ZH]:C(nationality)[T.singaporean],,-9.909190728320443
all_condition,lastF0avg,C(dialogue_act)[T.1],-80199201247601.38,
all_condition,lastF0avg,"C(dialogue_act)[T.a,_i]",3.509313721222234,
all_condition,lastF0avg,"C(dialogue_act)[T.a,_o]",-15.093439258620966,
all_condition,lastF0avg,C(dialogue_act)[T.a],-4.151545417925406,
all_condition,lastF0avg,"C(dialogue_act)[T.i,_a,_o]",115.93154319203997,
all_condition,lastF0avg,"C(dialogue_act)[T.i,_a]",-13.415236818707967,
all_condition,lastF0avg,C(dialogue_act)[T.i],-2.963499555500952,
all_condition,lastF0avg,"C(dialogue_act)[T.o,_a]",32.11940868236432,
all_condition,lastF0avg,"C(dialogue_act)[T.o,_i]",29.233692163652705,
all_condition,lastF0avg,C(dialogue_act)[T.o],-4.6124173901259455,
all_condition,lastF0avg,C(gender)[T.male],,-64.35028049599565
all_condition,lastF0avg,C(nationality)[T.singaporean],,8.666755704481156
all_condition,lastF0avg,Intercept,214.1224087511918,202.64327288709538
all_condition,lastF0avg,has_discourse_marker[T.True],-1.4781139954798792,-2.8307558223866924
all_condition,lastF0avg,has_repetition[T.True],2.7059404643622087,-0.7111354339392582
all_condition,lastF0max,C(age_bucket)[T.25+],,-16.782905808543457
all_condition,lastF0max,C(age_bucket)[T.<19],,-57.49499870817639
all_condition,lastF0max,C(audience_proficiency_proxy)[T.low_l2],-30.656155584936126,
all_condition,lastF0max,C(audience_proficiency_proxy)[T.mid_l2],1.347692492393873,
all_condition,lastF0max,C(condition)[T.monolingual_EN],-5.517898534528555,5.31958338305493
all_condition,lastF0max,C(condition)[T.monolingual_EN]:C(age_bucket)[T.25+],,4.575893562484272
all_condition,lastF0max,C(condition)[T.monolingual_EN]:C(age_bucket)[T.<19],,8.65450544153613
all_condition,lastF0max,C(condition)[T.monolingual_EN]:C(audience_proficiency_proxy)[T.low_l2],56.57398869754968,
all_condition,lastF0max,C(condition)[T.monolingual_EN]:C(audience_proficiency_proxy)[T.mid_l2],-15.665245395352986,
all_condition,lastF0max,C(condition)[T.monolingual_EN]:C(dialogue_act)[T.1],489461332353.6426,
all_condition,lastF0max,"C(condition)[T.monolingual_EN]:C(dialogue_act)[T.a,_i]",-1589318343.0644264,
all_condition,lastF0max,"C(condition)[T.monolingual_EN]:C(dialogue_act)[T.a,_o]",-987389.0375801641,
all_condition,lastF0max,C(condition)[T.monolingual_EN]:C(dialogue_act)[T.a],-64182199948.37048,
all_condition,lastF0max,"C(condition)[T.monolingual_EN]:C(dialogue_act)[T.i,_a,_o]",0.0,
all_condition,lastF0max,"C(condition)[T.monolingual_EN]:C(dialogue_act)[T.i,_a]",0.0,
all_condition,lastF0max,C(condition)[T.monolingual_EN]:C(dialogue_act)[T.i],1.8293710771334588,
all_condition,lastF0max,"C(condition)[T.monolingual_EN]:C(dialogue_act)[T.o,_a]",0.0,
all_condition,lastF0max,"C(condition)[T.monolingual_EN]:C(dialogue_act)[T.o,_i]",0.0,
all_condition,lastF0max,C(condition)[T.monolingual_EN]:C(dialogue_act)[T.o],58.82591978440588,
all_condition,lastF0max,C(condition)[T.monolingual_EN]:C(gender)[T.male],,-0.8840730940059782
all_condition,lastF0max,C(condition)[T.monolingual_EN]:C(nationality)[T.singaporean],,-11.500051323722476
all_condition,lastF0max,C(condition)[T.monolingual_HI],-2.0520435991436217,
all_condition,lastF0max,C(condition)[T.monolingual_HI]:C(audience_proficiency_proxy)[T.low_l2],20.414003074016748,
all_condition,lastF0max,C(condition)[T.monolingual_HI]:C(audience_proficiency_proxy)[T.mid_l2],2.248992311035474,
all_condition,lastF0max,C(condition)[T.monolingual_HI]:C(dialogue_act)[T.1],47003218275963.625,
all_condition,lastF0max,"C(condition)[T.monolingual_HI]:C(dialogue_act)[T.a,_i]",-39102936.14992905,
all_condition,lastF0max,"C(condition)[T.monolingual_HI]:C(dialogue_act)[T.a,_o]",21720.319368291588,
all_condition,lastF0max,C(condition)[T.monolingual_HI]:C(dialogue_act)[T.a],41302775732.19531,
all_condition,lastF0max,"C(condition)[T.monolingual_HI]:C(dialogue_act)[T.i,_a,_o]",0.0,
all_condition,lastF0max,"C(condition)[T.monolingual_HI]:C(dialogue_act)[T.i,_a]",0.0,
all_condition,lastF0max,C(condition)[T.monolingual_HI]:C(dialogue_act)[T.i],4.612688128726891,
all_condition,lastF0max,"C(condition)[T.monolingual_HI]:C(dialogue_act)[T.o,_a]",0.0,
all_condition,lastF0max,"C(condition)[T.monolingual_HI]:C(dialogue_act)[T.o,_i]",0.0,
all_condition,lastF0max,C(condition)[T.monolingual_HI]:C(dialogue_act)[T.o],5.189525061596285,
all_condition,lastF0max,C(condition)[T.monolingual_ZH],,8.264182971343825
all_condition,lastF0max,C(condition)[T.monolingual_ZH]:C(age_bucket)[T.25+],,-7.952723232597709
all_condition,lastF0max,C(condition)[T.monolingual_ZH]:C(age_bucket)[T.<19],,-1.0471403349894122
all_condition,lastF0max,C(condition)[T.monolingual_ZH]:C(gender)[T.male],,-5.1049100536386165
all_condition,lastF0max,C(condition)[T.monolingual_ZH]:C(nationality)[T.singaporean],,-8.715956012443526
all_condition,lastF0max,C(dialogue_act)[T.1],-47003218275918.625,
all_condition,lastF0max,"C(dialogue_act)[T.a,_i]",-1.0479264880459924,
all_condition,lastF0max,"C(dialogue_act)[T.a,_o]",-33.0707119561714,
all_condition,lastF0max,C(dialogue_act)[T.a],-8.605591898788198,
all_condition,lastF0max,"C(dialogue_act)[T.i,_a,_o]",93.93819488794416,
all_condition,lastF0max,"C(dialogue_act)[T.i,_a]",-19.69241734146326,
all_condition,lastF0max,C(dialogue_act)[T.i],-4.732291684870379,
all_condition,lastF0max,"C(dialogue_act)[T.o,_a]",24.668927468941078,
all_condition,lastF0max,"C(dialogue_act)[T.o,_i]",22.06662177808161,
all_condition,lastF0max,C(dialogue_act)[T.o],-4.981041324018434,
all_condition,lastF0max,C(gender)[T.male],,-86.80344473043267
all_condition,lastF0max,C(nationality)[T.singaporean],,17.516195446573
all_condition,lastF0max,Intercept,245.6893309116267,240.20025978482326
all_condition,lastF0max,has_discourse_marker[T.True],-1.8224821528296986,-2.982556259562608
all_condition,lastF0max,has_repetition[T.True],0.7525574174814991,0.6862127999420864
cs_directionality,1F0max,C(age_bucket)[T.25+],,-12.277403061230924
cs_directionality,1F0max,C(age_bucket)[T.<19],,-55.64954266926181
cs_directionality,1F0max,C(audience_proficiency_proxy)[T.low_l2],-6.824725850452921,
cs_directionality,1F0max,C(audience_proficiency_proxy)[T.mid_l2],6.255062457488898,
cs_directionality,1F0max,"C(dialogue_act)[T.a,_i]",18.90338884151109,
cs_directionality,1F0max,"C(dialogue_act)[T.a,_o]",38.890434975437735,
cs_directionality,1F0max,C(dialogue_act)[T.a],-6.277634601696274,
cs_directionality,1F0max,"C(dialogue_act)[T.i,_a,_o]",-99.78685465970177,
cs_directionality,1F0max,"C(dialogue_act)[T.i,_a]",9.837154779239421,
cs_directionality,1F0max,C(dialogue_act)[T.i],-0.47937060859700303,
cs_directionality,1F0max,"C(dialogue_act)[T.o,_a]",54.48015960962155,
cs_directionality,1F0max,"C(dialogue_act)[T.o,_i]",-21.529551395199263,
cs_directionality,1F0max,C(dialogue_act)[T.o],-20.123061642427107,
cs_directionality,1F0max,C(gender)[T.male],,-102.07425786257842
cs_directionality,1F0max,C(nationality)[T.singaporean],,10.270228618501081
cs_directionality,1F0max,Intercept,244.17140594213424,245.60971136151284
cs_directionality,1F0max,has_discourse_marker[T.True],-5.703429456257405,-1.6849029572722682
cs_directionality,1F0max,has_repetition[T.True],1.6957301827606388,-0.9707388865884314
cs_directionality,1F0max,is_l1_to_l2,-5.729155754404236,-3.7230023815478788
cs_directionality,1F0max,is_l1_to_l2:C(age_bucket)[T.25+],,5.049440294564457
cs_directionality,1F0max,is_l1_to_l2:C(age_bucket)[T.<19],,4.578665891150635
cs_directionality,1F0max,is_l1_to_l2:C(audience_proficiency_proxy)[T.low_l2],-0.9932460210695027,
cs_directionality,1F0max,is_l1_to_l2:C(audience_proficiency_proxy)[T.mid_l2],-4.445444834570118,
cs_directionality,1F0max,"is_l1_to_l2:C(dialogue_act)[T.a,_i]",-15.160868289797714,
cs_directionality,1F0max,"is_l1_to_l2:C(dialogue_act)[T.a,_o]",-31.37675347113782,
cs_directionality,1F0max,is_l1_to_l2:C(dialogue_act)[T.a],15.60458293159543,
cs_directionality,1F0max,"is_l1_to_l2:C(dialogue_act)[T.i,_a,_o]",1.7380456087308062e-14,
cs_directionality,1F0max,"is_l1_to_l2:C(dialogue_act)[T.i,_a]",-20.435784470970653,
cs_directionality,1F0max,is_l1_to_l2:C(dialogue_act)[T.i],-1.0628609707486185,
cs_directionality,1F0max,"is_l1_to_l2:C(dialogue_act)[T.o,_a]",41.29073930190585,
cs_directionality,1F0max,"is_l1_to_l2:C(dialogue_act)[T.o,_i]",-5.461084220810008e-15,
cs_directionality,1F0max,is_l1_to_l2:C(dialogue_act)[T.o],21.167718980257128,
cs_directionality,1F0max,is_l1_to_l2:C(gender)[T.male],,3.754326395702824
cs_directionality,1F0max,is_l1_to_l2:C(nationality)[T.singaporean],,-1.3023522062646355
cs_directionality,1F0max,is_l1_to_l2:has_discourse_marker[T.True],8.588089194889035,0.5711782949219337
cs_directionality,1F0mean,C(audience_proficiency_proxy)[T.low_l2],-6.8111964955288125,
cs_directionality,1F0mean,C(audience_proficiency_proxy)[T.mid_l2],2.064057321227196,
cs_directionality,1F0mean,"C(dialogue_act)[T.a,_i]",12.825483181232636,
cs_directionality,1F0mean,"C(dialogue_act)[T.a,_o]",45.30257444640248,
cs_directionality,1F0mean,C(dialogue_act)[T.a],-6.475035958567784,
cs_directionality,1F0mean,"C(dialogue_act)[T.i,_a,_o]",-83.49616577368617,
cs_directionality,1F0mean,"C(dialogue_act)[T.i,_a]",6.6901089649215155,
cs_directionality,1F0mean,C(dialogue_act)[T.i],-0.47128834356580385,
cs_directionality,1F0mean,"C(dialogue_act)[T.o,_a]",17.57778433692479,
cs_directionality,1F0mean,"C(dialogue_act)[T.o,_i]",-28.146155097603554,
cs_directionality,1F0mean,C(dialogue_act)[T.o],-13.967281486614096,
cs_directionality,1F0mean,Intercept,210.25751992332744,
cs_directionality,1F0mean,has_discourse_marker[T.True],-3.997880638896241,
cs_directionality,1F0mean,has_repetition[T.True],2.515483098329562,
cs_directionality,1F0mean,is_l1_to_l2,-2.772533928768303,
cs_directionality,1F0mean,is_l1_to_l2:C(audience_proficiency_proxy)[T.low_l2],10.286454559301648,
cs_directionality,1F0mean,is_l1_to_l2:C(audience_proficiency_proxy)[T.mid_l2],0.21605839560536116,
cs_directionality,1F0mean,"is_l1_to_l2:C(dialogue_act)[T.a,_i]",-8.554725526160553,
cs_directionality,1F0mean,"is_l1_to_l2:C(dialogue_act)[T.a,_o]",-38.77784119928818,
cs_directionality,1F0mean,is_l1_to_l2:C(dialogue_act)[T.a],12.322860730284296,
cs_directionality,1F0mean,"is_l1_to_l2:C(dialogue_act)[T.i,_a,_o]",1.4980538675718366e-14,
cs_directionality,1F0mean,"is_l1_to_l2:C(dialogue_act)[T.i,_a]",-15.698650330584238,
cs_directionality,1F0mean,is_l1_to_l2:C(dialogue_act)[T.i],-0.03425992277507706,
cs_directionality,1F0mean,"is_l1_to_l2:C(dialogue_act)[T.o,_a]",44.589313412143284,
cs_directionality,1F0mean,"is_l1_to_l2:C(dialogue_act)[T.o,_i]",-3.715691139986595e-15,
cs_directionality,1F0mean,is_l1_to_l2:C(dialogue_act)[T.o],16.08045745789345,
cs_directionality,1F0mean,is_l1_to_l2:has_discourse_marker[T.True],6.930910420658297,
cs_directionality,F0max,C(age_bucket)[T.25+],,-12.872545693278056
cs_directionality,F0max,C(age_bucket)[T.<19],,-71.61850681986846
cs_directionality,F0max,C(gender)[T.male],,-88.37267438987557
cs_directionality,F0max,C(nationality)[T.singaporean],,24.957544372836388
cs_directionality,F0max,Intercept,,246.7868119316866
cs_directionality,F0max,has_discourse_marker[T.True],,-1.9192304951962054
cs_directionality,F0max,has_repetition[T.True],,-0.3831141346655667
cs_directionality,F0max,is_l1_to_l2,,1.8188589771570682
cs_directionality,F0max,is_l1_to_l2:C(age_bucket)[T.25+],,1.2814222775641224
cs_directionality,F0max,is_l1_to_l2:C(age_bucket)[T.<19],,3.3097571574133866
cs_directionality,F0max,is_l1_to_l2:C(gender)[T.male],,-3.4183943782253587
cs_directionality,F0max,is_l1_to_l2:C(nationality)[T.singaporean],,-6.255930582137385
cs_directionality,F0max,is_l1_to_l2:has_discourse_marker[T.True],,1.3882318284039654
cs_directionality,F0mseavg,C(age_bucket)[T.25+],,-16.07081387267298
cs_directionality,F0mseavg,C(age_bucket)[T.<19],,166.52346782010386
cs_directionality,F0mseavg,C(audience_proficiency_proxy)[T.low_l2],-3.827689156011757,
cs_directionality,F0mseavg,C(audience_proficiency_proxy)[T.mid_l2],20.442480648434902,
cs_directionality,F0mseavg,"C(dialogue_act)[T.a,_i]",40.393458428837455,
cs_directionality,F0mseavg,"C(dialogue_act)[T.a,_o]",80.18307185622945,
cs_directionality,F0mseavg,C(dialogue_act)[T.a],-1.6796657172787322,
cs_directionality,F0mseavg,"C(dialogue_act)[T.i,_a,_o]",-186.16620879945916,
cs_directionality,F0mseavg,"C(dialogue_act)[T.i,_a]",-18.63995652045697,
cs_directionality,F0mseavg,C(dialogue_act)[T.i],-1.71640044350279,
cs_directionality,F0mseavg,"C(dialogue_act)[T.o,_a]",119.34923714395646,
cs_directionality,F0mseavg,"C(dialogue_act)[T.o,_i]",0.07730633417449079,
cs_directionality,F0mseavg,C(dialogue_act)[T.o],-94.23216515970145,
cs_directionality,F0mseavg,C(gender)[T.male],,-361.7442513436491
cs_directionality,F0mseavg,C(nationality)[T.singaporean],,238.58015554150367
cs_directionality,F0mseavg,Intercept,349.79475544108493,267.03817108281464
cs_directionality,F0mseavg,has_discourse_marker[T.True],-31.72390294792275,15.520012939227225
cs_directionality,F0mseavg,has_repetition[T.True],4.609002046099122,31.935386252554586
cs_directionality,F0mseavg,is_l1_to_l2,41.30433250365152,5.208912964489846
cs_directionality,F0mseavg,is_l1_to_l2:C(age_bucket)[T.25+],,-37.88868473835545
cs_directionality,F0mseavg,is_l1_to_l2:C(age_bucket)[T.<19],,52.17756409460826
cs_directionality,F0mseavg,is_l1_to_l2:C(audience_proficiency_proxy)[T.low_l2],-171.82867783429737,
cs_directionality,F0mseavg,is_l1_to_l2:C(audience_proficiency_proxy)[T.mid_l2],-11.290174160819165,
cs_directionality,F0mseavg,"is_l1_to_l2:C(dialogue_act)[T.a,_i]",-102.06261097865254,
cs_directionality,F0mseavg,"is_l1_to_l2:C(dialogue_act)[T.a,_o]",-318.4727604391077,
cs_directionality,F0mseavg,is_l1_to_l2:C(dialogue_act)[T.a],-39.71922242959804,
cs_directionality,F0mseavg,"is_l1_to_l2:C(dialogue_act)[T.i,_a,_o]",4.058074129345583e-14,
cs_directionality,F0mseavg,"is_l1_to_l2:C(dialogue_act)[T.i,_a]",-26.179870276437224,
cs_directionality,F0mseavg,is_l1_to_l2:C(dialogue_act)[T.i],-39.094193217993976,
cs_directionality,F0mseavg,"is_l1_to_l2:C(dialogue_act)[T.o,_a]",166.76765975228767,
cs_directionality,F0mseavg,"is_l1_to_l2:C(dialogue_act)[T.o,_i]",-1.3695702266971397e-14,
cs_directionality,F0mseavg,is_l1_to_l2:C(dialogue_act)[T.o],38.73335105930705,
cs_directionality,F0mseavg,is_l1_to_l2:C(gender)[T.male],,60.1314806798045
cs_directionality,F0mseavg,is_l1_to_l2:C(nationality)[T.singaporean],,-63.44764471932996
cs_directionality,F0mseavg,is_l1_to_l2:has_discourse_marker[T.True],6.6169492373131416,4.786001078311012
cs_directionality,F0msemax,C(age_bucket)[T.25+],,-32.55738189676643
cs_directionality,F0msemax,C(age_bucket)[T.<19],,20.31535358087673
cs_directionality,F0msemax,C(audience_proficiency_proxy)[T.low_l2],-725.8003153224927,
cs_directionality,F0msemax,C(audience_proficiency_proxy)[T.mid_l2],70.47945476075438,
cs_directionality,F0msemax,"C(dialogue_act)[T.a,_i]",770.5829575154479,
cs_directionality,F0msemax,"C(dialogue_act)[T.a,_o]",-173.61823440107662,
cs_directionality,F0msemax,C(dialogue_act)[T.a],317.60631354555136,
cs_directionality,F0msemax,"C(dialogue_act)[T.i,_a,_o]",-308.2725533458452,
cs_directionality,F0msemax,"C(dialogue_act)[T.i,_a]",623.3646989053609,
cs_directionality,F0msemax,C(dialogue_act)[T.i],225.17528726684014,
cs_directionality,F0msemax,"C(dialogue_act)[T.o,_a]",2235.561602946406,
cs_directionality,F0msemax,"C(dialogue_act)[T.o,_i]",1244.892309432657,
cs_directionality,F0msemax,C(dialogue_act)[T.o],-171.2737152704817,
cs_directionality,F0msemax,C(gender)[T.male],,-406.21001057752983
cs_directionality,F0msemax,C(nationality)[T.singaporean],,311.57474722401037
cs_directionality,F0msemax,Intercept,1167.0215107621602,318.17155210084707
cs_directionality,F0msemax,has_discourse_marker[T.True],208.10624021409333,37.623427383868545
cs_directionality,F0msemax,has_repetition[T.True],324.5204381321327,40.39015368860292
cs_directionality,F0msemax,is_l1_to_l2,219.11050946323695,30.893859668182433
cs_directionality,F0msemax,is_l1_to_l2:C(age_bucket)[T.25+],,-57.18695131398958
cs_directionality,F0msemax,is_l1_to_l2:C(age_bucket)[T.<19],,82.34585844171667
cs_directionality,F0msemax,is_l1_to_l2:C(audience_proficiency_proxy)[T.low_l2],16.32981787914137,
cs_directionality,F0msemax,is_l1_to_l2:C(audience_proficiency_proxy)[T.mid_l2],-85.20028669511136,
cs_directionality,F0msemax,"is_l1_to_l2:C(dialogue_act)[T.a,_i]",-559.6681858068669,
cs_directionality,F0msemax,"is_l1_to_l2:C(dialogue_act)[T.a,_o]",-832.6183471407941,
cs_directionality,F0msemax,is_l1_to_l2:C(dialogue_act)[T.a],-216.49550339154774,
cs_directionality,F0msemax,"is_l1_to_l2:C(dialogue_act)[T.i,_a,_o]",1.4085004045582472e-14,
cs_directionality,F0msemax,"is_l1_to_l2:C(dialogue_act)[T.i,_a]",-193.19868381831617,
cs_directionality,F0msemax,is_l1_to_l2:C(dialogue_act)[T.i],-223.81117315783558,
cs_directionality,F0msemax,"is_l1_to_l2:C(dialogue_act)[T.o,_a]",-2268.123122371441,
cs_directionality,F0msemax,"is_l1_to_l2:C(dialogue_act)[T.o,_i]",-1.2821120636332592e-13,
cs_directionality,F0msemax,is_l1_to_l2:C(dialogue_act)[T.o],20.356680326600298,
cs_directionality,F0msemax,is_l1_to_l2:C(gender)[T.male],,58.36013568429848
cs_directionality,F0msemax,is_l1_to_l2:C(nationality)[T.singaporean],,-108.78539029927714
cs_directionality,F0msemax,is_l1_to_l2:has_discourse_marker[T.True],87.61936092831967,-8.556593658446353
cs_directionality,F0msemin,C(age_bucket)[T.25+],,-3.4769549602433094
cs_directionality,F0msemin,C(age_bucket)[T.<19],,272.14978403749194
cs_directionality,F0msemin,C(audience_proficiency_proxy)[T.low_l2],69.77832110835344,
cs_directionality,F0msemin,C(audience_proficiency_proxy)[T.mid_l2],4.04317937802307,
cs_directionality,F0msemin,"C(dialogue_act)[T.a,_i]",-12.448290715896153,
cs_directionality,F0msemin,"C(dialogue_act)[T.a,_o]",-16.2329807333509,
cs_directionality,F0msemin,C(dialogue_act)[T.a],-9.767353382885254,
cs_directionality,F0msemin,"C(dialogue_act)[T.i,_a,_o]",-13.426660662400451,
cs_directionality,F0msemin,"C(dialogue_act)[T.i,_a]",-11.47745797131126,
cs_directionality,F0msemin,C(dialogue_act)[T.i],-7.15121379160745,
cs_directionality,F0msemin,"C(dialogue_act)[T.o,_a]",-9.773998459263172,
cs_directionality,F0msemin,"C(dialogue_act)[T.o,_i]",-9.409557425066755,
cs_directionality,F0msemin,C(dialogue_act)[T.o],-12.939406961981302,
cs_directionality,F0msemin,C(gender)[T.male],,-341.01172059648263
cs_directionality,F0msemin,C(nationality)[T.singaporean],,181.42326172866686
cs_directionality,F0msemin,Intercept,26.295650443183526,229.64354131160073
cs_directionality,F0msemin,has_discourse_marker[T.True],-12.84378578899514,3.2212115222060005
cs_directionality,F0msemin,has_repetition[T.True],-0.7706369306451155,29.653095582589263
cs_directionality,F0msemin,is_l1_to_l2,19.086582608476654,-26.199623731635544
cs_directionality,F0msemin,is_l1_to_l2:C(age_bucket)[T.25+],,-15.759528956058272
cs_directionality,F0msemin,is_l1_to_l2:C(age_bucket)[T.<19],,34.623769844855985
cs_directionality,F0msemin,is_l1_to_l2:C(audience_proficiency_proxy)[T.low_l2],-78.61483847693336,
cs_directionality,F0msemin,is_l1_to_l2:C(audience_proficiency_proxy)[T.mid_l2],2.056486754368652,
cs_directionality,F0msemin,"is_l1_to_l2:C(dialogue_act)[T.a,_i]",-4.662935109055916,
cs_directionality,F0msemin,"is_l1_to_l2:C(dialogue_act)[T.a,_o]",-0.6089801077684641,
cs_directionality,F0msemin,is_l1_to_l2:C(dialogue_act)[T.a],-3.1327628831332954,
cs_directionality,F0msemin,"is_l1_to_l2:C(dialogue_act)[T.i,_a,_o]",4.69819172390425e-15,
cs_directionality,F0msemin,"is_l1_to_l2:C(dialogue_act)[T.i,_a]",-5.801308525485563,
cs_directionality,F0msemin,is_l1_to_l2:C(dialogue_act)[T.i],-4.584038481664111,
cs_directionality,F0msemin,"is_l1_to_l2:C(dialogue_act)[T.o,_a]",124.58399994600549,
cs_directionality,F0msemin,"is_l1_to_l2:C(dialogue_act)[T.o,_i]",-1.9035053318622633e-16,
cs_directionality,F0msemin,is_l1_to_l2:C(dialogue_act)[T.o],-11.081315805614206,
cs_directionality,F0msemin,is_l1_to_l2:C(gender)[T.male],,73.76513845611593
cs_directionality,F0msemin,is_l1_to_l2:C(nationality)[T.singaporean],,-19.467696900984357
cs_directionality,F0msemin,is_l1_to_l2:has_discourse_marker[T.True],-14.63620716788713,10.539003045632068
cs_directionality,F0msestd,C(age_bucket)[T.25+],,-14.85868944242841
cs_directionality,F0msestd,C(age_bucket)[T.<19],,-111.81598187819151
cs_directionality,F0msestd,C(audience_proficiency_proxy)[T.low_l2],-180.57086386471101,
cs_directionality,F0msestd,C(audience_proficiency_proxy)[T.mid_l2],23.228442552424397,
cs_directionality,F0msestd,"C(dialogue_act)[T.a,_i]",119.77073102801506,
cs_directionality,F0msestd,"C(dialogue_act)[T.a,_o]",-28.38618722776779,
cs_directionality,F0msestd,C(dialogue_act)[T.a],41.737637401927174,
cs_directionality,F0msestd,"C(dialogue_act)[T.i,_a,_o]",-153.8752173231727,
cs_directionality,F0msestd,"C(dialogue_act)[T.i,_a]",47.817976738280834,
cs_directionality,F0msestd,C(dialogue_act)[T.i],28.01620092687497,
cs_directionality,F0msestd,"C(dialogue_act)[T.o,_a]",466.9255787660358,
cs_directionality,F0msestd,"C(dialogue_act)[T.o,_i]",89.99724539162659,
cs_directionality,F0msestd,C(dialogue_act)[T.o],-94.84324957308955,
cs_directionality,F0msestd,C(gender)[T.male],,-23.740643345377123
cs_directionality,F0msestd,C(nationality)[T.singaporean],,58.29993415577901
cs_directionality,F0msestd,Intercept,434.2321442717247,40.80557643451408
cs_directionality,F0msestd,has_discourse_marker[T.True],5.495466350723928,13.88909811064951
cs_directionality,F0msestd,has_repetition[T.True],36.00810302141296,2.984707166300508
cs_directionality,F0msestd,is_l1_to_l2,45.1178369059503,29.26140364874311
cs_directionality,F0msestd,is_l1_to_l2:C(age_bucket)[T.25+],,-20.844455880334404
cs_directionality,F0msestd,is_l1_to_l2:C(age_bucket)[T.<19],,19.944096124688148
cs_directionality,F0msestd,is_l1_to_l2:C(audience_proficiency_proxy)[T.low_l2],-38.3660232224905,
cs_directionality,F0msestd,is_l1_to_l2:C(audience_proficiency_proxy)[T.mid_l2],-25.050252544644486,
cs_directionality,F0msestd,"is_l1_to_l2:C(dialogue_act)[T.a,_i]",-150.38943457115207,
cs_directionality,F0msestd,"is_l1_to_l2:C(dialogue_act)[T.a,_o]",-315.5344858470308,
cs_directionality,F0msestd,is_l1_to_l2:C(dialogue_act)[T.a],-49.30650698586913,
cs_directionality,F0msestd,"is_l1_to_l2:C(dialogue_act)[T.i,_a,_o]",5.0899635888145183e-14,
cs_directionality,F0msestd,"is_l1_to_l2:C(dialogue_act)[T.i,_a]",-35.86129332652707,
cs_directionality,F0msestd,is_l1_to_l2:C(dialogue_act)[T.i],-54.02720883226945,
cs_directionality,F0msestd,"is_l1_to_l2:C(dialogue_act)[T.o,_a]",-465.5613932373359,
cs_directionality,F0msestd,"is_l1_to_l2:C(dialogue_act)[T.o,_i]",-1.8905435826143002e-14,
cs_directionality,F0msestd,is_l1_to_l2:C(dialogue_act)[T.o],59.02084455821709,
cs_directionality,F0msestd,is_l1_to_l2:C(gender)[T.male],,-11.365909664390301
cs_directionality,F0msestd,is_l1_to_l2:C(nationality)[T.singaporean],,-43.338393479054666
cs_directionality,F0msestd,is_l1_to_l2:has_discourse_marker[T.True],28.092695932739858,-6.910768563873579
cs_directionality,F0tiltavg,C(age_bucket)[T.25+],,107.82294128318969
cs_directionality,F0tiltavg,C(age_bucket)[T.<19],,593.7616443209648
cs_directionality,F0tiltavg,C(audience_proficiency_proxy)[T.low_l2],22.07023303766448,
cs_directionality,F0tiltavg,C(audience_proficiency_proxy)[T.mid_l2],-27.52420135741495,
cs_directionality,F0tiltavg,"C(dialogue_act)[T.a,_i]",-42.893597624439806,
cs_directionality,F0tiltavg,"C(dialogue_act)[T.a,_o]",-27.22656654638715,
cs_directionality,F0tiltavg,C(dialogue_act)[T.a],-28.943088057593222,
cs_directionality,F0tiltavg,"C(dialogue_act)[T.i,_a,_o]",58.76529532462367,
cs_directionality,F0tiltavg,"C(dialogue_act)[T.i,_a]",-58.71549229121524,
cs_directionality,F0tiltavg,C(dialogue_act)[T.i],-8.52734255944015,
cs_directionality,F0tiltavg,"C(dialogue_act)[T.o,_a]",-24.645708301737244,
cs_directionality,F0tiltavg,"C(dialogue_act)[T.o,_i]",-66.12496267874329,
cs_directionality,F0tiltavg,C(dialogue_act)[T.o],26.533673395566627,
cs_directionality,F0tiltavg,C(gender)[T.male],,84.4840226447468
cs_directionality,F0tiltavg,C(nationality)[T.singaporean],,199.54732947268366
cs_directionality,F0tiltavg,Intercept,-41.57736288684659,-201.87622503009857
cs_directionality,F0tiltavg,has_discourse_marker[T.True],-25.343362430990414,-18.61005544565843
cs_directionality,F0tiltavg,has_repetition[T.True],12.03749571764548,12.308723333097687
cs_directionality,F0tiltavg,is_l1_to_l2,-24.796590264314226,-33.731725565983545
cs_directionality,F0tiltavg,is_l1_to_l2:C(age_bucket)[T.25+],,-28.54863452739984
cs_directionality,F0tiltavg,is_l1_to_l2:C(age_bucket)[T.<19],,-2.8281399037271484
cs_directionality,F0tiltavg,is_l1_to_l2:C(audience_proficiency_proxy)[T.low_l2],-26.033753740490035,
cs_directionality,F0tiltavg,is_l1_to_l2:C(audience_proficiency_proxy)[T.mid_l2],23.005003852554506,
cs_directionality,F0tiltavg,"is_l1_to_l2:C(dialogue_act)[T.a,_i]",-8.663842331216447,
cs_directionality,F0tiltavg,"is_l1_to_l2:C(dialogue_act)[T.a,_o]",-98.52222178018661,
cs_directionality,F0tiltavg,is_l1_to_l2:C(dialogue_act)[T.a],2.25898236104212,
cs_directionality,F0tiltavg,"is_l1_to_l2:C(dialogue_act)[T.i,_a,_o]",6.153023092655986e-14,
cs_directionality,F0tiltavg,"is_l1_to_l2:C(dialogue_act)[T.i,_a]",31.03829993465225,
cs_directionality,F0tiltavg,is_l1_to_l2:C(dialogue_act)[T.i],-3.726192342122006,
cs_directionality,F0tiltavg,"is_l1_to_l2:C(dialogue_act)[T.o,_a]",-643.0355292616548,
cs_directionality,F0tiltavg,"is_l1_to_l2:C(dialogue_act)[T.o,_i]",9.910509332727832e-15,
cs_directionality,F0tiltavg,is_l1_to_l2:C(dialogue_act)[T.o],2.3306408541264108,
cs_directionality,F0tiltavg,is_l1_to_l2:C(gender)[T.male],,47.9122807230946
cs_directionality,F0tiltavg,is_l1_to_l2:C(nationality)[T.singaporean],,19.214352491312866
cs_directionality,F0tiltavg,is_l1_to_l2:has_discourse_marker[T.True],20.302958898511044,19.59195816402057
cs_directionality,F0tiltmax,C(age_bucket)[T.25+],,66.00537807116876
cs_directionality,F0tiltmax,C(age_bucket)[T.<19],,494.23730088060256
cs_directionality,F0tiltmax,C(audience_proficiency_proxy)[T.low_l2],-289.19987356789767,
cs_directionality,F0tiltmax,C(audience_proficiency_proxy)[T.mid_l2],-52.70957547297437,
cs_directionality,F0tiltmax,"C(dialogue_act)[T.a,_i]",337.68194761082754,
cs_directionality,F0tiltmax,"C(dialogue_act)[T.a,_o]",-83.17974918586577,
cs_directionality,F0tiltmax,C(dialogue_act)[T.a],171.98138307292413,
cs_directionality,F0tiltmax,"C(dialogue_act)[T.i,_a,_o]",435.7494872180722,
cs_directionality,F0tiltmax,"C(dialogue_act)[T.i,_a]",227.64185940525348,
cs_directionality,F0tiltmax,C(dialogue_act)[T.i],112.34320449485938,
cs_directionality,F0tiltmax,"C(dialogue_act)[T.o,_a]",465.60033762929123,
cs_directionality,F0tiltmax,"C(dialogue_act)[T.o,_i]",200.55732591961637,
cs_directionality,F0tiltmax,C(dialogue_act)[T.o],105.69682175075198,
cs_directionality,F0tiltmax,C(gender)[T.male],,143.55325314104329
cs_directionality,F0tiltmax,C(nationality)[T.singaporean],,213.50342894829117
cs_directionality,F0tiltmax,Intercept,507.18782460216266,-121.53322805602377
cs_directionality,F0tiltmax,has_discourse_marker[T.True],32.57843525006166,-11.648947776390411
cs_directionality,F0tiltmax,has_repetition[T.True],159.51406071254115,11.514351079492943
cs_directionality,F0tiltmax,is_l1_to_l2,-45.25577028089513,-17.399324807118692
cs_directionality,F0tiltmax,is_l1_to_l2:C(age_bucket)[T.25+],,-23.854920077132867
cs_directionality,F0tiltmax,is_l1_to_l2:C(age_bucket)[T.<19],,6.059882778878901
cs_directionality,F0tiltmax,is_l1_to_l2:C(audience_proficiency_proxy)[T.low_l2],108.0487294443302,
cs_directionality,F0tiltmax,is_l1_to_l2:C(audience_proficiency_proxy)[T.mid_l2],110.25828166078304,
cs_directionality,F0tiltmax,"is_l1_to_l2:C(dialogue_act)[T.a,_i]",-106.7816645073437,
cs_directionality,F0tiltmax,"is_l1_to_l2:C(dialogue_act)[T.a,_o]",-102.19229973988992,
cs_directionality,F0tiltmax,is_l1_to_l2:C(dialogue_act)[T.a],-70.79346540325623,
cs_directionality,F0tiltmax,"is_l1_to_l2:C(dialogue_act)[T.i,_a,_o]",-4.412029823482856e-14,
cs_directionality,F0tiltmax,"is_l1_to_l2:C(dialogue_act)[T.i,_a]",-23.312486174823153,
cs_directionality,F0tiltmax,is_l1_to_l2:C(dialogue_act)[T.i],-78.60745721437537,
cs_directionality,F0tiltmax,"is_l1_to_l2:C(dialogue_act)[T.o,_a]",-883.285857621908,
cs_directionality,F0tiltmax,"is_l1_to_l2:C(dialogue_act)[T.o,_i]",1.4783520496955702e-14,
cs_directionality,F0tiltmax,is_l1_to_l2:C(dialogue_act)[T.o],91.90333347789688,
cs_directionality,F0tiltmax,is_l1_to_l2:C(gender)[T.male],,15.159760474992808
cs_directionality,F0tiltmax,is_l1_to_l2:C(nationality)[T.singaporean],,5.432178304087946
cs_directionality,F0tiltmax,is_l1_to_l2:has_discourse_marker[T.True],137.86892037382447,4.592733756648013
cs_directionality,F0tiltmin,C(age_bucket)[T.25+],,140.4501014708032
cs_directionality,F0tiltmin,C(age_bucket)[T.<19],,700.8563202083012
cs_directionality,F0tiltmin,C(audience_proficiency_proxy)[T.low_l2],440.52160852045097,
cs_directionality,F0tiltmin,C(audience_proficiency_proxy)[T.mid_l2],-18.620080919855972,
cs_directionality,F0tiltmin,"C(dialogue_act)[T.a,_i]",-479.5376312270116,
cs_directionality,F0tiltmin,"C(dialogue_act)[T.a,_o]",-1242.5978097450634,
cs_directionality,F0tiltmin,C(dialogue_act)[T.a],-221.3544256095203,
cs_directionality,F0tiltmin,"C(dialogue_act)[T.i,_a,_o]",-114.00928626824182,
cs_directionality,F0tiltmin,"C(dialogue_act)[T.i,_a]",-445.5074308194474,
cs_directionality,F0tiltmin,C(dialogue_act)[T.i],-150.23332821078915,
cs_directionality,F0tiltmin,"C(dialogue_act)[T.o,_a]",-457.94718858617216,
cs_directionality,F0tiltmin,"C(dialogue_act)[T.o,_i]",94.91064937405145,
cs_directionality,F0tiltmin,C(dialogue_act)[T.o],-43.7994068468429,
cs_directionality,F0tiltmin,C(gender)[T.male],,6.725403391512396
cs_directionality,F0tiltmin,C(nationality)[T.singaporean],,178.6428242885931
cs_directionality,F0tiltmin,Intercept,-555.8760934584063,-279.38559823413595
cs_directionality,F0tiltmin,has_discourse_marker[T.True],-169.12450562115097,-27.18073561784778
cs_directionality,F0tiltmin,has_repetition[T.True],-114.13642968902789,8.792073228213658
cs_directionality,F0tiltmin,is_l1_to_l2,-70.76335789202955,-51.898277078978055
cs_directionality,F0tiltmin,is_l1_to_l2:C(age_bucket)[T.25+],,-49.55787896496688
cs_directionality,F0tiltmin,is_l1_to_l2:C(age_bucket)[T.<19],,-13.080801062434787
cs_directionality,F0tiltmin,is_l1_to_l2:C(audience_proficiency_proxy)[T.low_l2],-154.42882420721273,
cs_directionality,F0tiltmin,is_l1_to_l2:C(audience_proficiency_proxy)[T.mid_l2],-66.61101476954782,
cs_directionality,F0tiltmin,"is_l1_to_l2:C(dialogue_act)[T.a,_i]",91.4559523556627,
cs_directionality,F0tiltmin,"is_l1_to_l2:C(dialogue_act)[T.a,_o]",883.7505514116807,
cs_directionality,F0tiltmin,is_l1_to_l2:C(dialogue_act)[T.a],47.423960416360025,
cs_directionality,F0tiltmin,"is_l1_to_l2:C(dialogue_act)[T.i,_a,_o]",1.2645289951324978e-14,
cs_directionality,F0tiltmin,"is_l1_to_l2:C(dialogue_act)[T.i,_a]",173.94918351610517,
cs_directionality,F0tiltmin,is_l1_to_l2:C(dialogue_act)[T.i],51.46605553132787,
cs_directionality,F0tiltmin,"is_l1_to_l2:C(dialogue_act)[T.o,_a]",-660.2657321610475,
cs_directionality,F0tiltmin,"is_l1_to_l2:C(dialogue_act)[T.o,_i]",-1.5849066525803994e-14,
cs_directionality,F0tiltmin,is_l1_to_l2:C(dialogue_act)[T.o],30.638798411546347,
cs_directionality,F0tiltmin,is_l1_to_l2:C(gender)[T.male],,91.02329056993543
cs_directionality,F0tiltmin,is_l1_to_l2:C(nationality)[T.singaporean],,35.07434313715539
cs_directionality,F0tiltmin,is_l1_to_l2:has_discourse_marker[T.True],-26.984897627429387,36.747072948426414
cs_directionality,F0tiltstd,C(age_bucket)[T.25+],,-45.459613467020404
cs_directionality,F0tiltstd,C(age_bucket)[T.<19],,-79.04000519534316
cs_directionality,F0tiltstd,C(audience_proficiency_proxy)[T.low_l2],-176.32553337614783,
cs_directionality,F0tiltstd,C(audience_proficiency_proxy)[T.mid_l2],-10.047487488201192,
cs_directionality,F0tiltstd,"C(dialogue_act)[T.a,_i]",93.36580986421085,
cs_directionality,F0tiltstd,"C(dialogue_act)[T.a,_o]",148.51548091237103,
cs_directionality,F0tiltstd,C(dialogue_act)[T.a],45.653466100467206,
cs_directionality,F0tiltstd,"C(dialogue_act)[T.i,_a,_o]",37.21785524632187,
cs_directionality,F0tiltstd,"C(dialogue_act)[T.i,_a]",65.63567425081808,
cs_directionality,F0tiltstd,C(dialogue_act)[T.i],30.85629662905917,
cs_directionality,F0tiltstd,"C(dialogue_act)[T.o,_a]",76.15483062925865,
cs_directionality,F0tiltstd,"C(dialogue_act)[T.o,_i]",-81.5233215965359,
cs_directionality,F0tiltstd,C(dialogue_act)[T.o],14.310494352751125,
cs_directionality,F0tiltstd,C(gender)[T.male],,72.30364820962309
cs_directionality,F0tiltstd,C(nationality)[T.singaporean],,4.61036475831834
cs_directionality,F0tiltstd,Intercept,365.7859477417914,74.5173172781198
cs_directionality,F0tiltstd,has_discourse_marker[T.True],1.0064215478591505,2.182234678221925
cs_directionality,F0tiltstd,has_repetition[T.True],14.740874083421982,-3.700502008545074
cs_directionality,F0tiltstd,is_l1_to_l2,-1.2468883278803577,19.946216463883474
cs_directionality,F0tiltstd,is_l1_to_l2:C(age_bucket)[T.25+],,7.874658097132098
cs_directionality,F0tiltstd,is_l1_to_l2:C(age_bucket)[T.<19],,3.183882596531953
cs_directionality,F0tiltstd,is_l1_to_l2:C(audience_proficiency_proxy)[T.low_l2],89.19476329241682,
cs_directionality,F0tiltstd,is_l1_to_l2:C(audience_proficiency_proxy)[T.mid_l2],37.11424197907891,
cs_directionality,F0tiltstd,"is_l1_to_l2:C(dialogue_act)[T.a,_i]",-44.240909181611165,
cs_directionality,F0tiltstd,"is_l1_to_l2:C(dialogue_act)[T.a,_o]",-78.01951569090915,
cs_directionality,F0tiltstd,is_l1_to_l2:C(dialogue_act)[T.a],-11.61531171925064,
cs_directionality,F0tiltstd,"is_l1_to_l2:C(dialogue_act)[T.i,_a,_o]",-2.9493870805622514e-14,
cs_directionality,F0tiltstd,"is_l1_to_l2:C(dialogue_act)[T.i,_a]",-50.18352943999547,
cs_directionality,F0tiltstd,is_l1_to_l2:C(dialogue_act)[T.i],-25.767825620131035,
cs_directionality,F0tiltstd,"is_l1_to_l2:C(dialogue_act)[T.o,_a]",331.0763253475716,
cs_directionality,F0tiltstd,"is_l1_to_l2:C(dialogue_act)[T.o,_i]",9.574668715728985e-15,
cs_directionality,F0tiltstd,is_l1_to_l2:C(dialogue_act)[T.o],14.12877592942398,
cs_directionality,F0tiltstd,is_l1_to_l2:C(gender)[T.male],,-42.59734845510907
cs_directionality,F0tiltstd,is_l1_to_l2:C(nationality)[T.singaporean],,-14.830207933873115
cs_directionality,F0tiltstd,is_l1_to_l2:has_discourse_marker[T.True],30.12914332233053,-10.697624847295948
cs_directionality,lastF0avg,C(age_bucket)[T.25+],,-10.190706667904575
cs_directionality,lastF0avg,C(age_bucket)[T.<19],,-61.27909864455308
cs_directionality,lastF0avg,C(audience_proficiency_proxy)[T.low_l2],-28.17508667417978,
cs_directionality,lastF0avg,C(audience_proficiency_proxy)[T.mid_l2],-1.9510177927168026,
cs_directionality,lastF0avg,"C(dialogue_act)[T.a,_i]",7.942050815859892,
cs_directionality,lastF0avg,"C(dialogue_act)[T.a,_o]",-47.172716550747026,
cs_directionality,lastF0avg,C(dialogue_act)[T.a],-5.473137557034326,
cs_directionality,lastF0avg,"C(dialogue_act)[T.i,_a,_o]",115.02007455766328,
cs_directionality,lastF0avg,"C(dialogue_act)[T.i,_a]",-5.832026155617316,
cs_directionality,lastF0avg,C(dialogue_act)[T.i],-4.1777834563677,
cs_directionality,lastF0avg,"C(dialogue_act)[T.o,_a]",61.94102494183373,
cs_directionality,lastF0avg,"C(dialogue_act)[T.o,_i]",26.952529084264857,
cs_directionality,lastF0avg,C(dialogue_act)[T.o],-5.682375344352089,
cs_directionality,lastF0avg,C(gender)[T.male],,-58.62905321522199
cs_directionality,lastF0avg,C(nationality)[T.singaporean],,11.702763940878196
cs_directionality,lastF0avg,Intercept,211.42476637896735,200.51923638629
cs_directionality,lastF0avg,has_discourse_marker[T.True],1.8592056942234356,-4.717143725623929
cs_directionality,lastF0avg,has_repetition[T.True],4.204660951919472,-2.410391899948098
cs_directionality,lastF0avg,is_l1_to_l2,2.0098250392161465,4.886193117797663
cs_directionality,lastF0avg,is_l1_to_l2:C(age_bucket)[T.25+],,1.2318424079191936
cs_directionality,lastF0avg,is_l1_to_l2:C(age_bucket)[T.<19],,-1.886333979246512
cs_directionality,lastF0avg,is_l1_to_l2:C(audience_proficiency_proxy)[T.low_l2],0.2575217736745566,
cs_directionality,lastF0avg,is_l1_to_l2:C(audience_proficiency_proxy)[T.mid_l2],5.488754020722493,
cs_directionality,lastF0avg,"is_l1_to_l2:C(dialogue_act)[T.a,_i]",-25.40545110767342,
cs_directionality,lastF0avg,"is_l1_to_l2:C(dialogue_act)[T.a,_o]",65.63738412613802,
cs_directionality,lastF0avg,is_l1_to_l2:C(dialogue_act)[T.a],2.891383162386251,
cs_directionality,lastF0avg,"is_l1_to_l2:C(dialogue_act)[T.i,_a,_o]",-1.8684503702316234e-14,
cs_directionality,lastF0avg,"is_l1_to_l2:C(dialogue_act)[T.i,_a]",-14.166723309761805,
cs_directionality,lastF0avg,is_l1_to_l2:C(dialogue_act)[T.i],1.9767014421918112,
cs_directionality,lastF0avg,"is_l1_to_l2:C(dialogue_act)[T.o,_a]",-86.06386652172357,
cs_directionality,lastF0avg,"is_l1_to_l2:C(dialogue_act)[T.o,_i]",6.1348115397631434e-15,
cs_directionality,lastF0avg,is_l1_to_l2:C(dialogue_act)[T.o],2.394860032289847,
cs_directionality,lastF0avg,is_l1_to_l2:C(gender)[T.male],,-9.191127549395205
cs_directionality,lastF0avg,is_l1_to_l2:C(nationality)[T.singaporean],,-5.440281037527226
cs_directionality,lastF0avg,is_l1_to_l2:has_discourse_marker[T.True],-3.2424124416994955,3.2363342364103196
cs_directionality,lastF0max,C(age_bucket)[T.25+],,-18.514703626396035
cs_directionality,lastF0max,C(age_bucket)[T.<19],,-56.48713892930724
cs_directionality,lastF0max,C(audience_proficiency_proxy)[T.low_l2],-27.69773246667353,
cs_directionality,lastF0max,C(audience_proficiency_proxy)[T.mid_l2],-6.782766313973332,
cs_directionality,lastF0max,"C(dialogue_act)[T.a,_i]",3.455607530662204,
cs_directionality,lastF0max,"C(dialogue_act)[T.a,_o]",-64.3397257325795,
cs_directionality,lastF0max,C(dialogue_act)[T.a],-8.123153487292106,
cs_directionality,lastF0max,"C(dialogue_act)[T.i,_a,_o]",94.17287391557036,
cs_directionality,lastF0max,"C(dialogue_act)[T.i,_a]",-9.244668774594139,
cs_directionality,lastF0max,C(dialogue_act)[T.i],-3.6111093605110707,
cs_directionality,lastF0max,"C(dialogue_act)[T.o,_a]",43.42549788836978,
cs_directionality,lastF0max,"C(dialogue_act)[T.o,_i]",20.685888080392495,
cs_directionality,lastF0max,C(dialogue_act)[T.o],-1.0678184676040987,
cs_directionality,lastF0max,C(gender)[T.male],,-82.87706096982646
cs_directionality,lastF0max,C(nationality)[T.singaporean],,20.50692427354568
cs_directionality,lastF0max,Intercept,239.62735092754735,239.93346453962963
cs_directionality,lastF0max,has_discourse_marker[T.True],3.8455271100032813,-5.86518876269743
cs_directionality,lastF0max,has_repetition[T.True],2.443589839088761,-1.6636746548263082
cs_directionality,lastF0max,is_l1_to_l2,5.987186759853046,2.5882923030307308
cs_directionality,lastF0max,is_l1_to_l2:C(age_bucket)[T.25+],,2.1193599989760346
cs_directionality,lastF0max,is_l1_to_l2:C(age_bucket)[T.<19],,-0.6696733583715115
cs_directionality,lastF0max,is_l1_to_l2:C(audience_proficiency_proxy)[T.low_l2],-6.175592242097475,
cs_directionality,lastF0max,is_l1_to_l2:C(audience_proficiency_proxy)[T.mid_l2],12.68788646257324,
cs_directionality,lastF0max,"is_l1_to_l2:C(dialogue_act)[T.a,_i]",-20.882760028787395,
cs_directionality,lastF0max,"is_l1_to_l2:C(dialogue_act)[T.a,_o]",69.40712395428518,
cs_directionality,lastF0max,is_l1_to_l2:C(dialogue_act)[T.a],0.1610497125424242,
cs_directionality,lastF0max,"is_l1_to_l2:C(dialogue_act)[T.i,_a,_o]",-1.8977989898735595e-14,
cs_directionality,lastF0max,"is_l1_to_l2:C(dialogue_act)[T.i,_a]",-19.056254920959404,
cs_directionality,lastF0max,is_l1_to_l2:C(dialogue_act)[T.i],-1.2257057615048474,
cs_directionality,lastF0max,"is_l1_to_l2:C(dialogue_act)[T.o,_a]",-45.368963924483786,
cs_directionality,lastF0max,"is_l1_to_l2:C(dialogue_act)[T.o,_i]",5.148254731046457e-15,
cs_directionality,lastF0max,is_l1_to_l2:C(dialogue_act)[T.o],-6.86529762114934,
cs_directionality,lastF0max,is_l1_to_l2:C(gender)[T.male],,-6.313519673473126
cs_directionality,lastF0max,is_l1_to_l2:C(nationality)[T.singaporean],,-5.301747964171603
cs_directionality,lastF0max,is_l1_to_l2:has_discourse_marker[T.True],-5.886319220276227,4.260604579149337
